,City,Cloudiness,Country,Date,Humidity,Lat,Lng,Max Temp,Wind Speed
0,Chokurdakh,48,RU,1519795901,80,70.62,147.9,-18.21,3.49
1,Hobart,75,AU,1519794000,68,-42.88,147.33,69.8,9.17
2,Jambi,64,ID,1519796080,85,-1.6,103.62,83.31,4.16
3,Nurota,68,UZ,1519794000,71,40.56,65.69,57.2,14.99
4,Dikson,80,RU,1519796081,100,73.51,80.55,22.25,22.84
5,Punta Arenas,75,CL,1519794000,76,-53.16,-70.91,50.0,4.7
6,Poronaysk,12,RU,1519796082,80,49.22,143.1,19.05,4.61
7,Bredasdorp,0,ZA,1519794000,93,-34.53,20.04,57.2,1.12
8,Saint-Philippe,40,CA,1519794000,60,45.36,-73.48,44.6,10.29
9,Teahupoo,40,PF,1519794660,74,-17.83,-149.27,82.4,3.36
10,Luderitz,44,NA,1519796051,98,-26.65,15.16,58.7,11.21
11,Vostok,0,RU,1519796083,53,46.45,135.83,16.71,2.93
12,Sao Filipe,12,CV,1519796080,100,14.9,-24.5,67.11,7.07
13,Angoram,80,PG,1519796084,67,-4.06,144.07,87.18,2.93
14,Cherskiy,20,RU,1519795660,71,68.75,161.3,-10.11,1.7
15,Haileybury,75,CA,1519794000,80,47.44,-79.64,30.2,2.24
16,Mataura,12,NZ,1519796084,61,-46.19,168.86,69.36,4.83
17,Kaupanger,0,NO,1519793400,54,61.18,7.24,3.2,14.99
18,Jamestown,0,AU,1519795906,44,-33.21,138.6,75.8,15.46
19,Pisco,0,PE,1519794000,88,-13.71,-76.2,69.8,11.41
20,Lazaro Cardenas,64,MX,1519796086,43,28.39,-105.62,60.36,12.55
21,Talnakh,68,RU,1519796087,78,69.49,88.39,-18.08,12.21
22,Zittau,36,CZ,1519796087,60,50.9,14.81,4.56,8.41
23,Saldanha,100,PT,1519796069,100,41.42,-6.55,30.35,4.83
24,Loa Janan,56,ID,1519796087,84,-0.58,117.09,82.55,1.59
25,Gat,0,SN,1519796088,96,14.69,-16.54,61.62,8.41
26,Barrow,56,AR,1519795790,95,-38.31,-60.23,61.98,3.04
27,Porcsalma,0,HU,1519794000,84,47.88,22.57,8.6,4.7
28,Busselton,0,AU,1519796089,89,-33.64,115.35,73.5,3.6
29,Chuy,24,UY,1519796060,89,-33.69,-53.46,65.85,6.62
30,Thompson,75,CA,1519794000,85,55.74,-97.86,14.0,4.7
31,Vaini,0,IN,1519796089,23,15.34,74.49,88.53,5.73
32,Cape Town,0,ZA,1519794000,87,-33.93,18.42,60.8,8.05
33,Bluff,24,AU,1519795659,91,-23.58,149.07,80.48,11.65
34,Yellowknife,5,CA,1519794000,84,62.45,-114.38,-0.41,5.82
35,Charters Towers,76,AU,1519796090,97,-20.07,146.27,79.26,6.85
36,Puerto Ayora,48,EC,1519796091,100,-0.74,-90.35,78.32,4.5
37,Panama City,75,US,1519793760,72,30.16,-85.65,64.4,8.05
38,Kodiak,90,US,1519793580,100,39.95,-94.76,53.6,10.29
39,East London,90,ZA,1519794000,93,-33.02,27.91,62.6,3.36
40,Auki,64,NG,1519796092,49,12.18,6.51,68.6,3.38
41,Airai,64,TL,1519796092,83,-8.93,125.41,77.1,1.81
42,Yumen,88,CN,1519796093,82,40.29,97.04,39.53,8.75
43,Amazar,64,RU,1519796093,59,53.86,120.88,8.93,3.38
44,Arman,0,RU,1519794000,43,59.7,150.17,12.2,4.47
45,Flinders,0,AU,1519790400,45,-34.58,150.85,84.2,11.41
46,Taunggyi,12,MM,1519796095,42,20.78,97.03,76.7,3.38
47,Butaritari,68,KI,1519796095,97,3.07,172.79,83.85,16.8
48,Albany,40,US,1519793640,59,42.65,-73.75,35.6,5.82
49,Ancud,92,CL,1519796096,90,-41.87,-73.83,54.96,2.93
50,Maku,40,IR,1519793460,65,39.29,44.45,41.0,3.6
51,Ust-Koksa,80,RU,1519796096,75,50.27,85.62,25.35,2.37
52,Faanui,68,PF,1519796097,100,-16.48,-151.75,81.96,15.35
53,Georgetown,0,GY,1519794000,94,6.8,-58.16,71.6,2.24
54,Severo-Kurilsk,64,RU,1519796098,100,50.68,156.12,25.85,17.02
55,Ushuaia,75,AR,1519794000,76,-54.81,-68.31,48.2,13.87
56,New Norfolk,75,AU,1519794000,68,-42.78,147.06,69.8,9.17
57,Lebu,75,ET,1519794000,87,8.96,38.73,57.2,2.24
58,Bethel,1,US,1519793580,78,60.79,-161.76,8.6,12.75
59,Sitarganj,8,IN,1519796098,71,28.92,79.7,76.38,3.6
60,Honiara,75,SB,1519794000,78,-9.43,159.96,80.6,13.87
61,Codrington,0,AU,1519796099,71,-28.95,153.24,78.99,2.93
62,Qaanaaq,76,GL,1519795664,79,77.48,-69.36,10.5,10.31
63,Kudymkar,0,RU,1519796100,64,59.01,54.66,-3.59,7.96
64,Port Arthur,90,US,1519795380,94,29.9,-93.93,71.6,10.29
65,Ribeira Grande,56,PT,1519796100,100,38.52,-28.7,59.55,22.62
66,Srednekolymsk,88,RU,1519796101,65,67.46,153.71,-3.72,3.94
67,Eureka,1,US,1519793700,86,40.8,-124.16,39.2,4.61
68,Kapaa,90,US,1519793760,73,22.08,-159.32,73.4,21.92
69,Hirara,75,JP,1519794000,69,24.8,125.28,73.4,23.04
70,Pangkalanbuun,24,ID,1519796103,81,-2.68,111.62,87.27,4.94
71,Lagoa,75,PT,1519794000,100,37.14,-8.45,59.0,20.8
72,Peniche,75,PT,1519794000,93,39.36,-9.38,57.2,8.05
73,Tasiilaq,0,GL,1519793400,67,65.61,-37.64,23.0,5.82
74,Tuktoyaktuk,40,CA,1519794000,76,69.44,-133.03,-4.01,9.17
75,Luoyang,0,CN,1519796105,78,34.66,112.42,60.05,11.1
76,Hofn,92,IS,1519795818,100,64.25,-15.21,40.47,6.51
77,Te Anau,64,NZ,1519796105,78,-45.41,167.72,64.1,1.59
78,Kruisfontein,20,ZA,1519796072,99,-34.0,24.73,67.11,2.48
79,Avarua,75,CK,1519794000,83,-21.21,-159.78,80.6,3.36
80,Ugoofaaru,80,MV,1519796106,100,5.67,73.0,81.51,16.69
81,Port Hardy,90,CA,1519794000,86,50.7,-127.42,37.4,4.7
82,Mar del Plata,12,AR,1519795620,56,-46.43,-67.52,60.05,13.89
83,Raton,1,US,1519793640,17,36.9,-104.44,33.8,6.93
84,Xinyu,0,CN,1519796108,71,27.8,114.93,69.27,9.98
85,Marzuq,0,YE,1519796108,54,14.4,46.47,69.09,3.71
86,Port Alfred,32,ZA,1519796108,91,-33.59,26.89,67.25,4.61
87,Plakhtiyivka,56,UA,1519796109,100,46.1,29.72,11.27,11.99
88,Vanimo,80,PG,1519796109,100,-2.67,141.3,80.97,1.25
89,Caraquet,90,CA,1519794000,92,47.79,-64.94,19.4,2.24
90,Hilo,90,US,1519793760,78,19.71,-155.08,71.6,9.17
91,Wanning,75,AT,1519793400,66,48.64,13.53,12.2,9.17
92,Provideniya,90,RU,1519794000,57,64.42,-173.23,19.4,2.24
93,Oriximina,92,BR,1519796111,91,-1.77,-55.87,77.15,2.15
94,Kon Tum,8,VN,1519796112,35,14.36,108.0,89.25,1.92
95,Mechetinskaya,12,RU,1519796112,93,46.77,40.45,29.22,11.43
96,Manokwari,44,ID,1519796112,100,-0.87,134.08,82.05,5.73
97,Mateare,20,NI,1519794000,73,12.24,-86.43,75.2,11.41
98,Dhidhdhoo,20,MV,1519796113,100,6.88,73.1,80.97,13.22
99,Kaitangata,0,NZ,1519796113,72,-46.28,169.85,66.12,5.84
100,San Andres,32,PH,1519795968,97,13.32,122.68,82.59,3.71
101,Valdivia,0,CL,1519794000,100,-39.81,-73.25,48.2,2.15
102,Nikolskoye,0,RU,1519794000,76,59.7,30.79,-4.01,6.71
103,Rikitea,64,PF,1519795661,100,-23.12,-134.97,79.13,14.79
104,Sao Gabriel da Cachoeira,0,BR,1519796078,94,-0.13,-67.09,72.02,2.26
105,Don Sak,20,TH,1519792200,70,9.32,99.69,89.6,11.41
106,Faya,0,SA,1519794000,39,18.39,42.45,64.4,6.93
107,Williamsburg,1,US,1519793940,61,37.27,-76.71,46.4,4.7
108,Moose Factory,75,CA,1519794180,83,51.26,-80.61,-4.01,2.24
109,Saint George,40,GR,1519793400,75,39.45,22.34,44.6,9.17
110,Shiyan,0,CN,1519796117,67,32.65,110.78,61.53,1.92
111,Namatanai,64,PG,1519796117,97,-3.66,152.44,84.21,10.09
112,Antofagasta,20,CL,1519794000,82,-23.65,-70.4,62.6,2.24
113,Storm Lake,1,US,1519794900,92,42.64,-95.21,28.4,11.41
114,Porto Velho,40,BR,1519794000,94,-8.75,-63.87,73.4,1.12
115,Fortuna,90,ES,1519794000,93,38.18,-1.13,50.0,4.7
116,Kasempa,48,ZM,1519796119,99,-13.46,25.83,66.75,5.17
117,Skaelskor,76,DK,1519795200,78,55.25,11.29,15.8,12.75
118,Yulara,0,AU,1519794000,15,-25.24,130.99,100.4,12.75
119,Port Hawkesbury,1,CA,1519794000,92,45.62,-61.36,21.2,2.24
120,Goderich,68,CA,1519796055,92,43.74,-81.71,39.75,10.42
121,Puerto Escondido,0,MX,1519796121,100,15.86,-97.07,80.61,8.75
122,Salair,64,RU,1519796121,64,54.23,85.8,8.16,4.16
123,Champerico,5,MX,1519793040,64,16.38,-93.6,73.4,3.36
124,Conde,76,BR,1519796122,90,-11.81,-37.61,77.82,5.39
125,Norman Wells,90,CA,1519794000,65,65.28,-126.83,8.6,4.7
126,Ostrovnoy,24,RU,1519796050,81,68.05,39.51,8.43,17.36
127,Itarema,0,BR,1519796123,94,-2.92,-39.92,72.15,5.5
128,Remanso,80,BR,1519796123,100,-9.62,-42.08,76.38,5.95
129,Pevek,56,RU,1519796123,79,69.7,170.27,-0.66,9.75
130,Tuatapere,32,NZ,1519796124,90,-46.13,167.69,62.43,3.71
131,Anadyr,0,RU,1519794000,77,64.73,177.51,1.4,13.42
132,Hithadhoo,56,MV,1519796124,100,-0.6,73.08,84.17,6.29
133,Nelson Bay,0,AU,1519794000,36,-32.72,152.14,91.4,8.05
134,Salinopolis,32,BR,1519796125,100,-0.61,-47.36,79.85,10.2
135,Huadian,92,CN,1519796125,91,42.97,126.75,34.67,5.73
136,Atuona,20,PF,1519796126,99,-9.8,-139.03,81.33,16.02
137,Arraial do Cabo,80,BR,1519796061,100,-22.97,-42.02,76.2,3.15
138,Hermanus,76,ZA,1519795660,94,-34.42,19.24,58.2,4.16
139,Padang,12,ID,1519796127,100,-0.92,100.36,81.24,3.38
140,Ponta do Sol,24,BR,1519796105,96,-20.63,-46.0,63.83,2.37
141,Half Moon Bay,20,US,1519793760,49,37.46,-122.43,48.2,5.82
142,Hillsboro,1,US,1519793640,61,39.2,-83.61,50.0,8.05
143,Majenang,32,ID,1519796128,74,-7.3,108.76,84.17,3.71
144,Zhigansk,12,RU,1519796128,27,66.77,123.37,-18.39,3.71
145,Boyolangu,8,ID,1519796129,61,-8.09,111.9,88.89,2.04
146,Smithers,90,CA,1519794000,61,54.78,-127.17,32.0,3.15
147,Myitkyina,0,MM,1519796129,56,25.38,97.4,77.37,2.37
148,Port Elizabeth,1,US,1519793760,60,39.31,-74.98,42.8,4.7
149,Vestmannaeyjar,48,IS,1519796130,92,63.44,-20.27,39.21,3.38
150,Morant Bay,40,JM,1519794000,78,17.88,-76.41,77.0,4.7
151,Egvekinot,0,RU,1519796131,58,66.32,-179.17,-12.72,1.92
152,Bosaso,20,SO,1519794000,73,11.28,49.18,77.0,11.41
153,Olonets,8,RU,1519796132,65,60.98,32.97,-7.86,2.59
154,Bima,48,ID,1519796132,96,-8.45,118.73,79.98,2.15
155,Samana,32,EC,1519796132,98,0.12,-76.97,70.89,1.81
156,Kahului,20,US,1519793760,73,20.89,-156.47,73.4,19.46
157,Tiksi,0,RU,1519796029,33,71.64,128.87,-22.76,3.04
158,Ruteng,20,ID,1519796133,99,-8.61,120.46,78.36,3.27
159,Cayenne,0,GF,1519794000,94,4.94,-52.33,71.6,2.24
160,Garowe,88,SO,1519796134,79,8.41,48.48,69.32,7.18
161,Plettenberg Bay,68,ZA,1519796134,100,-34.05,23.37,67.92,4.94
162,Buinsk,0,RU,1519796134,73,54.97,48.29,-6.24,9.19
163,Bamiantong,88,CN,1519796135,53,44.93,130.53,25.71,7.18
164,Mao,20,DO,1519794000,100,19.55,-71.08,66.2,5.61
165,Westport,0,IE,1519796136,100,53.8,-9.52,30.48,16.24
166,Inhambane,8,MZ,1519796136,92,-23.87,35.38,79.67,6.62
167,Mahon,75,IE,1519795800,92,51.89,-8.4,24.8,14.99
168,Tokonou,80,GN,1519796138,95,9.65,-9.78,69.36,2.37
169,Touros,92,BR,1519796138,93,-5.2,-35.46,78.68,8.86
170,Chumikan,0,RU,1519796139,51,54.72,135.31,14.01,10.65
171,Miri,64,NG,1519796139,37,10.31,9.75,81.51,10.2
172,Caravelas,80,BR,1519796140,100,-17.73,-39.27,80.88,12.21
173,Quang Ngai,0,VN,1519796140,65,15.12,108.8,83.85,2.93
174,Klaksvik,64,FO,1519795200,59,62.23,-6.59,35.6,6.93
175,Cockburn Town,0,TC,1519795962,100,21.46,-71.14,74.85,14.9
176,Siniscola,40,IT,1519793400,100,40.57,9.69,33.8,2.24
177,Mahebourg,75,MU,1519794000,70,-20.41,57.7,84.2,11.41
178,Ushtobe,92,KZ,1519796143,99,45.25,77.98,43.58,8.3
179,Cabo San Lucas,24,MX,1519795422,100,22.89,-109.91,69.0,8.75
180,Zverinogolovskoye,48,RU,1519796144,87,54.46,64.85,11.94,14.0
181,Tenenkou,68,ML,1519796144,42,14.46,-4.91,80.12,7.4
182,Nyurba,44,RU,1519796144,57,63.29,118.35,-11.82,4.61
183,Vila Franca do Campo,20,PT,1519794000,82,37.72,-25.43,55.4,2.24
184,Leh,80,IN,1519796145,88,34.16,77.58,10.37,0.58
185,Etchojoa,92,MX,1519796146,98,26.91,-109.62,56.67,4.38
186,Longyearbyen,20,NO,1519793400,52,78.22,15.63,19.4,13.87
187,Vardo,1,US,1519794900,69,39.62,-77.74,44.6,5.73
188,Komsomolskiy,92,RU,1519796147,76,67.55,63.78,11.4,15.12
189,Mount Gambier,100,AU,1519795902,72,-37.83,140.78,66.53,11.99
190,Yerbogachen,32,RU,1519796147,62,61.28,108.01,-7.86,3.83
191,Socorro,48,PH,1519796148,92,13.06,121.41,79.44,2.82
192,Saint-Joseph,75,FR,1519794000,78,43.56,6.97,35.6,3.36
193,Belen,75,TR,1519792620,100,36.49,36.19,50.0,4.7
194,Kodinsk,44,RU,1519796150,59,58.6,99.18,1.59,3.6
195,Berlevag,92,NO,1519796049,100,70.86,29.09,35.79,27.54
196,Geraldton,20,CA,1519794000,92,49.72,-86.95,21.2,4.7
197,Upernavik,48,GL,1519796151,86,72.79,-56.15,7.67,9.19
198,Bud,0,NO,1519795200,51,62.91,6.91,23.0,9.17
199,Nanortalik,92,GL,1519796100,100,60.14,-45.24,28.95,38.83
200,Gamba,0,CN,1519796152,60,28.28,88.52,28.73,3.38
201,Xuanhua,64,CN,1519796153,40,40.61,115.04,43.22,10.87
202,Baiao,88,BR,1519796153,97,-2.79,-49.67,75.39,3.27
203,Cape Coast,0,GH,1519796154,96,5.11,-1.24,71.75,3.15
204,Monrovia,20,LR,1519794000,94,6.33,-10.8,73.4,5.39
205,Chapais,90,CA,1519794000,85,49.78,-74.86,23.0,12.75
206,Souillac,0,FR,1519794000,72,45.6,-0.6,17.6,13.22
207,Tautira,40,PF,1519794660,74,-17.73,-149.15,82.4,3.36
208,Ormara,88,PK,1519795992,76,25.21,64.64,76.11,3.71
209,Iskateley,92,RU,1519796155,87,67.68,53.15,23.91,22.5
210,Nago,90,IT,1519793700,84,45.88,10.89,24.8,3.36
211,Cidreira,48,BR,1519796077,99,-30.17,-50.22,67.29,3.38
212,Schleswig,75,DE,1519795200,72,54.52,9.57,19.4,8.05
213,Katsuura,75,JP,1519794000,54,33.93,134.5,55.4,12.75
214,Algarrobo,32,CO,1519796157,86,10.19,-74.06,64.1,2.48
215,Khatanga,48,RU,1519796157,62,71.98,102.47,-13.17,20.49
216,Ondjiva,8,AO,1519796157,41,-17.07,15.73,69.05,7.07
217,Coxim,8,BR,1519796158,95,-18.5,-54.75,71.7,3.04
218,Tecolutla,0,MX,1519796158,91,17.31,-98.74,52.22,1.59
219,Namibe,92,AO,1519796159,100,-15.19,12.15,75.17,6.06
220,Mutis,80,CO,1519796159,100,6.23,-77.4,76.56,2.93
221,Vaitape,48,PF,1519796159,98,-16.52,-151.75,82.28,14.34
222,Nalut,0,LY,1519796017,90,31.86,10.98,43.26,2.71
223,Yeniseysk,12,RU,1519796160,59,58.45,92.17,2.04,3.49
224,Manadhoo,88,MV,1519796160,100,5.77,73.38,82.1,16.69
225,Rio Gallegos,0,AR,1519794000,67,-51.62,-69.22,57.2,17.22
226,La Ronge,40,CA,1519794000,78,55.1,-105.3,15.8,3.36
227,Wattegama,12,LK,1519796161,81,7.35,80.68,83.94,6.06
228,Calabozo,8,VE,1519796161,67,8.92,-67.43,75.57,12.21
229,Mehamn,75,NO,1519795200,92,71.03,27.85,37.4,41.38
230,Le Port,68,FR,1519796162,96,42.87,1.37,19.05,1.81
231,Bambous Virieux,75,MU,1519794000,70,-20.34,57.76,84.2,11.41
232,Tianpeng,0,CN,1519796163,100,28.88,112.34,60.99,0.92
233,Conceicao do Araguaia,0,BR,1519796164,94,-8.26,-49.26,74.04,2.71
234,Neijiang,0,CN,1519796164,77,29.59,105.06,64.95,6.4
235,Lethem,32,GY,1519796164,57,3.38,-59.8,81.65,12.77
236,Chabahar,44,IR,1519796053,95,25.29,60.65,74.49,2.82
237,Eydhafushi,80,MV,1519796165,100,5.1,73.07,81.51,16.69
238,Rondonopolis,12,BR,1519796165,93,-16.46,-54.64,69.54,2.71
239,Dharchula,8,IN,1519796008,77,29.85,80.53,46.14,1.14
240,Mitu,48,IR,1519796166,96,36.2,46.09,37.37,2.37
241,Semey,92,KZ,1519796166,92,50.41,80.25,25.44,5.73
242,Adrar,0,DZ,1519794000,57,27.87,-0.29,50.0,8.05
243,Bonthe,48,SL,1519796166,87,7.53,-12.5,75.39,4.05
244,Lasa,20,CY,1519794000,87,34.92,32.53,51.8,5.82
245,Vista Hermosa,0,MX,1519796168,71,17.8,-97.76,46.77,2.37
246,Teya,5,MX,1519792860,61,21.05,-89.07,77.0,10.29
247,Swellendam,88,ZA,1519794000,93,-34.02,20.44,57.2,1.12
248,Sao Joao da Barra,56,BR,1519796169,97,-21.64,-41.05,80.52,21.83
249,New Waterford,1,US,1519794900,59,40.85,-80.61,44.6,2.37
250,Krasnaya Gora,90,RU,1519794000,84,53.01,31.6,6.8,17.9
251,Castro,0,CL,1519796114,97,-42.48,-73.76,45.38,2.59
252,Semnan,40,IR,1519794000,53,35.58,53.39,51.8,4.7
253,Torbay,90,CA,1519794000,100,47.66,-52.73,28.4,13.87
254,Kudahuvadhoo,36,MV,1519796171,100,2.67,72.89,80.61,5.61
255,Basco,75,US,1519794900,47,40.33,-91.2,57.2,12.75
256,Keetmanshoop,0,NA,1519796172,46,-26.57,18.15,67.11,3.49
257,Carnarvon,0,ZA,1519796172,39,-30.97,22.13,63.69,3.71
258,Kavieng,76,PG,1519796172,100,-2.57,150.8,83.4,5.28
259,Anloga,40,GH,1519794000,88,5.79,0.9,78.8,4.7
260,Roquetas de Mar,20,ES,1519794000,82,36.76,-2.61,59.0,10.29
261,Aklavik,75,CA,1519794000,76,68.22,-135.01,-9.41,3.36
262,Apastovo,0,RU,1519794000,83,55.2,48.51,-9.41,6.71
263,Pangnirtung,88,CA,1519796174,80,66.15,-65.72,25.58,9.42
264,Nemuro,75,JP,1519794000,100,43.32,145.57,32.0,8.05
265,Huancabamba,92,PE,1519796168,95,-5.24,-79.45,56.13,1.81
266,San Quintin,20,PH,1519794000,66,17.54,120.52,87.8,6.93
267,Terenos,0,BR,1519794000,94,-20.44,-54.87,71.6,3.36
268,Hudson Bay,64,CA,1519796177,80,52.86,-102.4,18.38,4.72
269,Wuning,48,CN,1519796178,74,29.26,120.23,62.93,12.44
270,Burns Lake,24,CA,1519796178,64,54.23,-125.76,24.9,6.73
271,Lichinga,8,MZ,1519796179,97,-13.3,35.25,72.65,4.16
272,Itoman,75,JP,1519794000,64,26.12,127.67,73.4,23.04
273,Lompoc,1,US,1519793760,75,34.64,-120.46,44.6,6.96
274,Alugan,24,PH,1519796179,97,12.22,125.48,81.38,7.4
275,Alexandria,1,US,1519794900,100,31.31,-92.44,71.6,6.93
276,Guapi,68,CO,1519796181,100,2.57,-77.89,71.93,2.37
277,Medvode,20,SI,1519794000,83,46.14,14.41,3.2,1.12
278,Aras,0,YE,1519796181,52,14.28,44.38,63.38,2.15
279,Clyde River,40,CA,1519794000,76,70.47,-68.59,-4.01,10.29
280,Lata,48,IN,1519796182,71,30.78,78.62,56.0,2.04
281,Sioux Lookout,5,CA,1519794000,84,50.1,-91.92,14.0,2.37
282,Awjilah,0,LY,1519796183,46,29.14,21.3,55.82,7.29
283,Lorengau,68,PG,1519796183,100,-2.02,147.27,81.38,2.59
284,Farafangana,12,MG,1519796184,100,-22.82,47.83,81.92,4.38
285,Kadoma,48,ZW,1519796184,97,-18.34,29.91,67.92,8.3
286,Ola,0,RU,1519794000,43,59.58,151.3,12.2,4.47
287,Manggar,76,ID,1519796185,100,-2.88,108.27,78.68,4.5
288,Balta,56,UA,1519796186,79,47.94,29.62,10.37,9.19
289,Karatau,12,KZ,1519796186,91,43.18,70.46,50.01,14.45
290,Ariquemes,32,BR,1519796186,98,-9.91,-63.03,70.53,2.04
291,Ustka,12,PL,1519796187,100,54.58,16.86,8.52,15.01
292,Mananjary,12,MG,1519796187,89,-19.16,46.8,71.25,3.94
293,Maraa,8,BR,1519796187,96,-1.83,-65.37,73.59,2.71
294,Hami,88,CN,1519796188,50,42.84,93.51,49.52,6.73
295,Latung,20,ID,1519796188,99,-8.45,120.42,78.36,3.27
296,Lanigan,32,CA,1519796189,77,51.85,-105.03,13.29,6.96
297,Tabas,88,IR,1519796189,48,33.6,56.92,58.29,7.4
298,Polovinnoye,36,RU,1519796190,96,54.79,65.99,14.1,9.42
299,Ilulissat,0,GL,1519793400,46,69.22,-51.1,8.6,5.82
300,Abu Dhabi,0,AE,1519794000,47,24.47,54.37,78.8,16.11
301,Batagay,56,RU,1519796190,66,67.65,134.64,-14.93,4.38
302,Karaton,75,ID,1519794000,88,-6.34,106.1,82.4,5.82
303,Gabu,0,CN,1519796191,14,34.78,103.0,53.07,8.08
304,Tomatlan,20,MX,1519796192,93,19.93,-105.25,66.17,1.7
305,Muros,75,ES,1519794000,100,42.77,-9.06,32.0,6.93
306,Palu,92,ID,1519796192,86,-0.9,119.87,73.55,1.81
307,Agirish,8,RU,1519796193,66,61.92,63.02,-14.61,3.49
308,Manzanillo,0,CU,1519796193,100,20.34,-77.12,74.13,19.26
309,Grand Gaube,75,MU,1519794000,70,-20.01,57.66,84.2,11.41
310,Hambantota,12,LK,1519796194,89,6.12,81.12,85.02,14.23
311,Vao,0,EE,1519796195,72,59.1,26.19,-1.61,8.86
312,Okhtyrka,88,UA,1519796195,86,50.31,34.89,12.03,18.14
313,Les Cayes,8,HT,1519796195,100,18.19,-73.75,74.9,6.73
314,Bandarbeyla,24,SO,1519796196,100,9.49,50.81,76.65,6.96
315,Dire,75,ET,1519794000,87,9.18,38.92,57.2,2.24
316,Montlucon,12,FR,1519796197,62,46.33,2.6,10.95,7.29
317,Lunenburg,1,US,1519793760,45,42.59,-71.72,44.6,6.93
318,Kungurtug,0,RU,1519796197,38,50.6,97.53,9.92,5.73
319,Meshcherino,0,RU,1519794000,70,55.2,38.36,-4.01,8.95
320,Brikama,0,GM,1519794000,88,13.27,-16.65,64.4,6.93
321,Yanam,0,IN,1519796198,51,16.73,82.22,87.99,3.6
322,Lavumisa,0,ZA,1519796199,73,-27.31,31.88,70.53,3.38
323,Zabid,0,YE,1519795989,52,14.2,44.5,63.38,2.15
324,Pacifica,20,US,1519793760,49,37.61,-122.49,48.2,5.82
325,Bara,100,NG,1519796200,49,10.41,10.6,85.56,4.38
326,Cheyenne,75,US,1519793880,67,41.14,-104.82,26.6,10.09
327,Akhtyrskiy,68,RU,1519796201,100,44.84,38.3,33.63,5.61
328,Ahipara,76,NZ,1519796201,74,-35.17,173.16,73.59,14.79
329,Khuzhir,36,RU,1519796201,81,53.19,107.35,4.56,6.4
330,Arlit,0,NE,1519796202,34,18.74,7.39,58.92,5.95
331,Dwarka,20,IN,1519792200,69,28.58,77.04,73.4,4.7
332,Gillette,1,US,1519793580,85,44.29,-105.5,12.2,3.36
333,Ampanihy,56,MG,1519796203,84,-24.69,44.75,76.25,10.09
334,Moulins,0,FR,1519794000,72,46.57,3.33,12.2,2.24
335,Tura,0,IN,1519796204,72,25.52,90.21,76.11,4.16
336,Bunia,92,CD,1519796204,99,1.56,30.25,66.17,4.16
337,Sitka,8,US,1519796205,87,37.17,-99.65,46.1,11.21
338,Tanabe,75,JP,1519794000,51,33.73,135.39,62.6,16.11
339,Pacific Grove,1,US,1519793700,70,36.62,-121.92,44.6,4.7
340,Skjervoy,92,NO,1519796070,100,70.03,20.97,33.68,29.1
341,Hamilton,75,BM,1519793700,51,32.3,-64.78,62.6,13.87
342,Saskylakh,0,RU,1519796207,31,71.97,114.09,-21.54,10.54
343,Nantucket,1,US,1519794900,86,41.28,-70.1,42.8,12.75
344,Constitucion,64,MX,1519795980,59,23.99,-104.67,52.53,4.38
345,Rawson,0,AR,1519796208,60,-43.3,-65.11,64.23,21.39
346,Drayton Valley,20,CA,1519795956,56,53.22,-114.98,16.26,7.4
347,Ust-Nera,64,RU,1519796208,65,64.57,143.24,-2.78,1.59
348,Graaff-Reinet,0,ZA,1519796208,67,-32.25,24.53,60.0,2.26
349,Kommunisticheskiy,12,RU,1519796209,67,61.68,64.48,-14.84,3.94
350,Kachug,20,RU,1519796209,54,53.96,105.89,2.13,3.71
351,Puxinana,75,BR,1519794000,94,-7.16,-35.96,73.4,10.29
352,Muroto,75,JP,1519794000,51,33.37,134.14,59.0,6.93
353,Steinbach,5,CA,1519794000,78,49.53,-96.69,15.8,13.87
354,Port Keats,32,AU,1519796212,83,-14.25,129.55,89.25,7.07
355,Buenaventura,48,CO,1519796213,96,3.89,-77.07,66.3,2.37
356,Santa Maria,36,BR,1519796216,95,-29.69,-53.81,65.31,2.82
357,Whitehorse,75,CA,1519794000,78,60.72,-135.06,12.2,8.05
358,Simao,0,CN,1519796217,43,22.76,100.79,73.5,2.93
359,Great Falls,20,US,1519793880,62,47.5,-111.29,23.0,21.92
360,Albanel,20,CA,1519794000,95,48.88,-72.44,32.0,8.05
361,Necochea,76,AR,1519795987,95,-38.55,-58.74,61.71,3.83
362,San Ignacio,0,CL,1519790400,87,-36.8,-72.03,60.8,2.24
363,Esperance,20,TT,1519794000,94,10.24,-61.45,69.8,3.38
364,Colesberg,0,ZA,1519796220,62,-30.72,25.1,68.55,1.48
365,Santa Cruz,1,US,1519793760,92,36.97,-122.03,48.2,2.04
366,Yar-Sale,36,RU,1519796223,66,66.83,70.83,-14.43,20.49
367,Cooma,44,AU,1519796224,54,-36.24,149.13,75.3,9.75
368,Ereymentau,68,KZ,1519796224,90,51.62,73.1,14.91,5.73
369,Henderson,75,US,1519794900,86,36.04,-114.98,44.6,4.7
370,Salalah,20,OM,1519793400,73,17.01,54.1,75.2,2.24
371,Port Blair,0,IN,1519796225,98,11.67,92.75,84.3,9.08
372,Dingle,32,PH,1519796226,65,11.0,122.67,86.28,10.2
373,La Palma,12,CO,1519796107,100,5.36,-74.39,59.82,1.25
374,Kieta,56,PG,1519796226,100,-6.22,155.63,78.5,4.16
375,Mint Hill,90,US,1519794300,100,38.55,-91.75,55.4,3.36
376,Golden,12,CA,1519796147,69,51.3,-116.96,4.65,2.04
377,Aswan,0,EG,1519790400,39,24.09,32.9,62.6,5.82
378,Zhezkazgan,90,KZ,1519794000,100,47.8,67.71,32.0,11.18
379,Dongsheng,0,CN,1519796228,89,29.72,112.52,63.92,4.61
380,Ambon,0,FR,1519794000,79,47.55,-2.56,21.2,11.41
381,Omboue,92,GA,1519796229,100,-1.57,9.26,78.81,3.49
382,Bronnoysund,0,NO,1519795200,52,65.46,12.2,17.6,5.82
383,Pierre,40,US,1519795800,100,44.37,-100.35,12.2,9.17
384,Tabriz,75,IR,1519794000,86,38.08,46.29,39.2,4.7
385,Hasaki,75,JP,1519794000,54,35.73,140.83,53.6,14.99
386,Amapa,75,HN,1519794000,100,15.09,-87.97,75.2,2.24
387,Ixtapa,5,MX,1519792980,83,20.71,-105.21,71.6,6.93
388,Aykhal,36,RU,1519796232,78,65.95,111.51,-13.35,3.94
389,Antalaha,20,MG,1519796232,91,-14.9,50.28,82.59,6.73
390,Thatta,40,IN,1519793700,56,31.7,74.64,71.6,3.36
391,Skegness,48,GB,1519795200,92,53.14,0.34,28.4,14.99
392,Betsiamites,90,CA,1519794900,92,48.94,-68.65,28.4,17.22
393,Vanderhoof,36,CA,1519796234,56,54.02,-124.02,25.58,7.63
394,Cilegon,75,ID,1519794000,88,-6.02,106.05,82.4,5.82
395,Antsohihy,0,MG,1519796235,99,-14.88,47.99,81.51,3.27
396,Pitsunda,90,GE,1519794000,81,43.16,40.34,48.2,6.71
397,Rundu,56,NA,1519796042,86,-17.91,19.77,67.07,9.19
398,Saint-Leu,0,RE,1519794000,62,-21.15,55.28,86.0,3.36
399,Gawler,20,AU,1519794000,46,-34.6,138.75,73.4,18.34
400,Evanston,75,US,1519794900,66,42.04,-87.69,53.6,6.93
401,Husavik,0,CA,1519796237,79,50.56,-96.99,16.89,11.77
402,Karratha,0,AU,1519796237,22,-20.74,116.85,103.92,11.21
403,Sibolga,32,ID,1519796237,100,1.74,98.78,77.37,1.36
404,Bilma,0,NE,1519796238,22,18.69,12.92,61.26,10.2
405,Fershampenuaz,48,RU,1519796238,83,53.52,59.82,6.95,12.55
406,Saint Anthony,90,US,1519793760,85,43.97,-111.68,21.2,11.41
407,Mayya,0,RU,1519794000,69,61.74,130.28,-13.01,2.24
408,Chicama,75,PE,1519794000,93,-7.84,-79.15,66.2,9.17
409,Sooke,90,CA,1519794000,81,48.37,-123.73,42.8,12.75
410,Riviere-au-Renard,20,CA,1519794000,67,49.0,-64.4,17.6,3.36
411,Guajara,0,BR,1519794000,94,-0.88,-48.16,75.2,4.7
412,Narendranagar,76,IN,1519796240,77,30.16,78.29,71.57,3.94
413,Mayahi,8,NE,1519796241,30,13.95,7.67,70.98,11.21
414,Haines Junction,36,CA,1519796241,78,60.75,-137.51,1.41,2.15
415,Mattru,56,SL,1519796241,80,7.62,-11.83,74.0,3.15
416,Quelimane,75,MZ,1519794000,88,-17.88,36.89,80.6,4.5
417,Pochutla,0,MX,1519796242,100,15.74,-96.47,77.55,7.85
418,Tsimlyansk,92,RU,1519796243,93,47.65,42.1,22.2,11.43
419,Bathsheba,20,BB,1519794000,88,13.22,-59.52,71.6,6.93
420,Lerwick,32,GB,1519795200,68,60.15,-1.15,28.4,13.87
421,Anchorage,40,US,1519793760,85,61.22,-149.89,19.4,11.43
422,Spornoye,90,RU,1519794000,92,50.84,37.29,8.6,17.9
423,Cap Malheureux,75,MU,1519794000,70,-19.98,57.61,84.2,11.41
424,Jiuquan,48,CN,1519796245,81,39.73,98.49,34.08,3.94
425,Cortez,1,US,1519793580,28,37.35,-108.58,28.4,4.94
426,Teacapan,36,MX,1519796246,81,22.54,-105.74,63.2,1.25
427,Marienburg,75,DE,1519795200,72,52.12,9.98,12.2,12.75
428,North Battleford,1,CA,1519794000,78,52.78,-108.3,15.8,4.7
429,Kijang,90,KR,1519794000,81,35.24,129.21,50.0,13.87
430,Brackenheim,0,DE,1519795200,78,49.08,9.07,15.8,6.93
431,Saint-Francois,0,FR,1519794000,72,46.42,3.91,12.2,2.24
432,Nanpiao,92,CN,1519796248,87,41.1,120.75,35.07,11.88
433,Gilgit,80,PK,1519796248,89,35.92,74.31,26.79,0.58
434,Vredendal,80,ZA,1519796249,93,-31.68,18.49,55.82,3.83
435,Darhan,56,MN,1519796249,55,49.49,105.92,10.23,4.38
436,Salinas,1,US,1519793700,65,36.67,-121.66,44.6,3.36
437,Cochrane,24,CL,1519796250,94,-47.25,-72.57,38.45,2.04
438,Shar,0,NG,1519796250,94,7.3,8.73,72.83,7.52
439,Ponta Delgada,20,PT,1519794000,82,37.73,-25.67,55.4,2.24
440,Kirakira,56,SB,1519796251,100,-10.46,161.92,81.02,5.73
441,Qaqortoq,68,GL,1519793400,46,60.72,-46.03,8.6,5.82
442,Dakar,0,SN,1519796025,95,14.69,-17.45,64.77,12.77
443,Longhua,20,CN,1519794000,67,29.21,106.21,60.8,6.71
444,Petropavlovsk-Kamchatskiy,64,RU,1519794000,42,53.05,158.65,28.4,22.37
445,Atherton,20,GB,1519795200,79,53.52,-2.49,23.0,10.29
446,Kalach-na-Donu,75,RU,1519794000,84,48.69,43.52,6.8,29.08
447,Vologda,48,RU,1519796254,75,59.22,39.89,-2.69,9.53
448,Boksitogorsk,8,RU,1519796254,73,59.47,33.85,-10.34,4.94
449,Bushehr,40,IR,1519794000,68,28.97,50.84,66.2,4.7
450,Belaya Glina,88,RU,1519796255,98,46.08,40.86,30.08,10.2
451,Maniitsoq,48,GL,1519796255,60,65.42,-52.9,5.33,7.29
452,Ciudad Bolivar,68,VE,1519796018,67,8.12,-63.55,78.27,10.98
453,Vung Tau,40,VN,1519794000,49,10.35,107.08,93.2,3.36
454,Kavaratti,0,IN,1519796256,100,10.57,72.64,83.94,2.15
455,Grafton,0,AU,1519796257,64,-29.69,152.93,80.43,3.04
456,Bahawalpur,64,PK,1519796257,79,29.39,71.66,74.18,5.84
457,Vila Velha,75,BR,1519794000,78,-3.71,-38.6,82.4,11.41
458,Thunder Bay,75,CA,1519794000,58,48.41,-89.26,28.4,4.7
459,Victoria,75,BN,1519794000,79,5.28,115.24,86.0,5.82
460,Qeshm,40,IR,1519794000,78,26.96,56.27,73.4,9.17
461,Port Lincoln,0,AU,1519796259,77,-34.72,135.86,69.18,16.8
462,Araouane,0,ML,1519796259,51,18.9,-3.53,66.35,5.61
463,Santa Elena,36,EC,1519796260,100,-2.23,-80.86,78.36,9.08
464,Jablah,75,SY,1519794000,81,35.36,35.93,53.6,4.7
465,Quatre Cocos,75,MU,1519794000,70,-20.21,57.76,84.2,11.41
466,Sorong,36,ID,1519796261,100,-0.86,131.25,83.0,2.59
467,Sawtell,0,AU,1519794000,61,-30.38,153.1,78.8,14.99
468,Batemans Bay,0,AU,1519796242,56,-35.71,150.18,81.92,3.71
469,Sadova,0,MD,1519794000,84,47.19,28.35,6.8,9.17
470,Cedar City,75,US,1519793580,86,37.68,-113.06,28.4,3.36
471,Pandan,68,PH,1519796263,97,11.72,122.09,81.42,16.02
472,Revelstoke,90,CA,1519794000,92,50.99,-118.19,28.4,2.24
473,Badiraguato,90,MX,1519792800,82,25.36,-107.55,62.6,2.48
474,La Cruz,44,MX,1519796265,66,23.92,-106.89,64.23,4.5
475,Canakkale,75,TR,1519793400,93,40.15,26.41,46.4,5.82
476,Jacareacanga,80,BR,1519796266,95,-6.22,-57.76,74.0,2.48
477,Kaduqli,0,SD,1519796266,69,11.01,29.72,78.77,4.16
478,Carman,1,CA,1519794900,92,49.51,-98.0,19.4,3.36
479,Laguna,92,MX,1519796052,98,27.52,-110.01,53.57,2.15
480,Nome,90,US,1519795380,94,30.04,-94.42,71.6,8.05
481,Deputatskiy,56,RU,1519796267,71,69.3,139.9,-11.37,3.83
482,Arinos,12,BR,1519796268,94,-15.92,-46.11,66.03,2.04
483,Pasighat,12,IN,1519796268,62,28.06,95.33,69.5,2.15
484,Buchanan,20,LR,1519794000,94,5.88,-10.05,73.4,7.4
485,Amudat,0,UG,1519796269,87,1.95,34.95,68.1,3.71
486,Alice Springs,0,AU,1519794000,7,-23.7,133.88,96.8,18.34
487,Evensk,8,RU,1519796269,100,61.92,159.24,8.88,16.24
488,Narsaq,68,GL,1519793400,46,60.91,-46.05,8.6,5.82
489,Todos Santos,90,MX,1519793160,63,23.45,-110.23,64.4,14.67
490,Muyezerskiy,0,RU,1519796039,51,63.93,31.65,-9.12,2.59
491,Kalmar,75,SE,1519795200,85,56.66,16.36,15.8,13.87
492,Lavrentiya,0,RU,1519796272,100,65.58,-170.99,12.35,6.51
493,Bakaly,48,RU,1519796272,74,55.18,53.8,8.12,8.63
494,Tual,36,ID,1519796272,100,-5.67,132.75,83.13,6.73
495,Gangarampur,0,IN,1519796273,72,25.41,88.52,83.22,4.61
496,Umm Kaddadah,0,SD,1519796273,39,13.6,26.69,75.53,3.71
497,Soyo,92,AO,1519796274,96,-6.13,12.37,76.07,2.71
498,Guerrero Negro,24,MX,1519796274,83,27.97,-114.04,56.04,11.21
499,Slave Lake,90,CA,1519794000,58,55.28,-114.77,28.4,6.93
500,Marsaxlokk,0,MT,1519793100,81,35.84,14.54,44.6,5.82
501,Caruray,64,PH,1519796275,100,10.31,119.01,81.96,3.6
502,Garachine,0,PA,1519796275,97,8.06,-78.36,79.26,17.02
503,Margate,75,AU,1519794000,68,-43.03,147.26,69.8,9.17
504,Kaeo,92,NZ,1519796276,79,-35.1,173.78,70.35,13.11
505,Quimper,0,FR,1519794000,67,48.0,-4.1,21.2,11.41
506,Sandakan,75,MY,1519794000,74,5.84,118.12,86.0,8.05
507,Rey Bouba,8,CM,1519796277,68,8.67,14.18,72.15,2.59
508,Marsabit,48,KE,1519796009,74,2.34,37.99,76.92,2.82
509,Mareeba,75,AU,1519794000,78,-16.99,145.42,80.6,17.22
510,Sobolevo,68,RU,1519796278,64,54.43,31.9,-3.72,19.48
511,Kang,64,BW,1519796279,79,-23.67,22.79,67.7,7.18
512,Sur,44,OM,1519796279,90,22.57,59.53,75.17,6.29
513,Bulgan,56,MN,1519796279,53,48.81,103.53,12.57,4.27
514,Snasa,0,NO,1519795200,84,64.25,12.38,3.2,5.82
515,Lashio,0,MM,1519796280,46,22.93,97.75,76.29,2.59
516,Lodja,88,CD,1519796281,93,-3.52,23.6,72.15,3.27
517,Maldonado,0,UY,1519794000,88,-34.91,-54.96,62.6,3.36
518,Moerai,56,PF,1519796281,100,-22.43,-151.33,78.45,4.16
519,Sertanopolis,0,BR,1519794000,78,-23.06,-51.04,75.2,9.19
520,Corinto,20,BR,1519796282,94,-18.36,-44.46,65.49,2.93
521,Pitimbu,40,BR,1519794000,83,-7.47,-34.81,78.8,4.7
522,Bundaberg,12,AU,1519796164,96,-24.87,152.35,81.2,15.35
523,Santa Rosalia,40,IT,1519793700,61,38.07,13.27,46.4,5.82
524,Sinnamary,0,GF,1519796284,100,5.38,-52.96,76.92,8.3
525,Shimoda,75,JP,1519794000,47,34.7,138.93,57.2,11.41
526,Coquimbo,20,CL,1519794000,87,-29.95,-71.34,59.0,3.36
527,Clarence Town,0,AU,1519794000,36,-32.59,151.78,91.4,8.05
528,Kawambwa,56,ZM,1519796285,93,-9.8,29.07,70.22,4.72
529,Bubaque,0,GW,1519794000,72,11.28,-15.83,68.0,9.17
530,Praia da Vitoria,75,PT,1519794000,87,38.73,-27.07,57.2,18.37
531,Ekhabi,20,RU,1519796286,87,53.51,142.97,8.7,10.54
532,Pop,0,UZ,1519794000,47,40.87,71.1,55.4,4.7
533,Shelabolikha,0,RU,1519794000,65,53.41,82.62,5.0,17.9
534,Hagdan,24,PH,1519796287,99,11.33,123.9,82.5,9.98
535,Camacha,20,PT,1519794000,77,33.08,-16.33,62.6,21.92
536,Katima Mulilo,92,NA,1519796288,100,-17.5,24.28,67.43,5.73
537,Hede,75,SE,1519795200,92,60.45,15.49,5.0,3.36
538,Ladario,92,PT,1519796135,99,40.7,-7.74,34.44,2.93
539,Florida,0,CU,1519793640,82,21.53,-78.23,66.2,6.93
540,Gotsu,75,JP,1519794000,50,35.01,132.22,55.4,8.05
541,Qom,0,IR,1519796289,89,34.64,50.88,49.11,6.17
542,Birao,44,CF,1519796290,64,10.3,22.78,75.66,10.42
543,Leninskoye,0,RU,1519794000,65,54.82,82.85,6.8,13.42
544,Rio Pomba,32,BR,1519796290,95,-21.28,-43.18,65.18,2.71
545,Charlestown,1,US,1519794900,91,41.38,-71.64,42.8,4.7
546,Iqaluit,90,CA,1519794000,85,63.75,-68.52,14.0,5.84
547,Oranjemund,80,ZA,1519796069,96,-28.55,16.43,62.34,12.44
548,Taoudenni,20,ML,1519796292,69,22.68,-3.98,54.87,4.38
549,Villarrobledo,76,ES,1519796292,92,39.27,-2.6,44.75,21.27
550,Makakilo City,75,US,1519793820,73,21.35,-158.09,77.0,8.05
551,Kahuta,32,PK,1519794000,63,33.59,73.39,66.2,4.7
552,Iquique,0,CL,1519794000,77,-20.22,-70.14,66.2,8.05
553,Ukiah,1,US,1519793760,60,39.15,-123.21,41.0,2.15
554,Nkayi,92,CG,1519796294,98,-4.18,13.29,70.4,2.71
555,Fairview,1,US,1519796100,56,40.81,-74.0,46.4,8.75
556,Sassandra,48,CI,1519796297,98,4.95,-6.09,77.55,4.83
557,Grand Junction,1,US,1519794900,47,39.06,-108.55,39.2,6.93
558,Hauterive,12,FR,1519795800,72,46.09,3.45,12.2,4.7
559,Santa Barbara,1,US,1519793880,60,34.42,-119.7,48.2,18.03
560,Marsh Harbour,92,BS,1519796299,100,26.54,-77.06,72.33,12.44
561,Mombaca,32,BR,1519796300,91,-5.74,-39.63,69.0,8.75
562,Karasburg,32,NA,1519796300,55,-28.01,18.75,64.59,3.15
563,Ambulu,0,ID,1519796301,100,-8.35,113.61,82.86,6.4
564,Isangel,75,VU,1519794000,88,-19.55,169.27,82.4,6.93
565,Mizdah,8,LY,1519796301,94,31.45,12.98,46.77,5.06
566,Camalu,92,MX,1519796284,94,30.85,-116.07,45.33,8.08
567,Catia La Mar,20,VE,1519794000,78,10.6,-67.03,75.2,9.08
568,Biak,24,ID,1519796302,100,-0.91,122.88,82.59,3.27
569,Leningradskiy,56,RU,1519796303,88,69.38,178.42,6.81,23.96
570,Nioro,0,GM,1519796303,59,13.79,-15.05,67.11,8.41
571,Paamiut,12,GL,1519796303,100,61.99,-49.67,22.47,5.61
572,Laurel,75,US,1519793580,68,45.67,-108.77,24.8,10.29
573,Coahuayana,0,MX,1519796304,73,18.62,-100.35,59.73,2.04
574,Erenhot,36,CN,1519796305,41,43.65,111.97,26.97,15.79
575,Balod,0,IN,1519796305,39,20.73,81.21,88.98,6.29
576,Chifeng,0,CN,1519796306,58,42.27,118.96,42.18,14.12
577,Victor Harbor,20,AU,1519794000,46,-35.55,138.62,73.4,18.34
578,Charagua,100,BO,1519796306,99,-19.79,-63.2,69.36,3.94
579,Mamakan,56,RU,1519796307,45,57.82,114.02,2.13,3.04
580,Presidencia Roque Saenz Pena,92,AR,1519796307,96,-26.79,-60.44,69.45,4.94
581,Nampula,75,MZ,1519794000,94,-15.12,39.26,77.0,1.14
582,Barcelos,75,PT,1519794000,93,41.53,-8.62,55.4,13.87
583,Puerto Montt,40,CL,1519794000,93,-41.47,-72.94,50.0,1.12
584,Leshukonskoye,12,RU,1519796201,84,64.9,45.76,8.07,5.95
585,Lokoja,12,NG,1519796309,94,7.8,6.74,74.63,7.18
586,Saint-Pierre,0,FR,1519794000,72,48.95,4.24,12.2,9.17
587,Colchester,40,GB,1519795740,92,51.89,0.9,24.8,3.36
588,Oltu,0,TR,1519796309,83,40.55,42.0,28.59,2.15
589,Raudeberg,0,NO,1519795200,41,61.99,5.14,21.2,11.41
590,Inza,20,RU,1519796310,67,53.86,46.36,-4.71,5.39
591,Bughea de Jos,80,RO,1519796310,84,45.28,25.0,13.29,3.83
592,Horodenka,75,UA,1519795440,84,48.67,25.5,6.8,4.47
593,Zirgan,20,RU,1519796311,70,53.22,55.92,-1.65,5.17
594,Jurm,24,AF,1519796311,86,36.86,70.83,29.04,1.59
595,Muisne,48,EC,1519796312,96,0.61,-80.02,69.45,2.71
596,Houma,0,CN,1519796312,54,35.63,111.36,57.17,5.28
597,High Level,20,CA,1519794000,66,58.52,-117.13,12.2,3.15
598,Pokhara,8,NP,1519796313,62,28.21,83.99,65.49,2.59
599,Ulaanbaatar,0,MN,1519795800,60,47.92,106.92,5.0,8.95
600,Pontes e Lacerda,0,BR,1519796313,93,-15.23,-59.33,70.8,2.93
601,Nabire,76,ID,1519796314,90,-3.36,135.5,76.2,1.14
602,Mana,75,RS,1519794000,92,43.52,20.24,14.0,2.24
603,Hailar,76,CN,1519796314,81,49.2,119.7,17.48,9.64
604,Maragogi,80,BR,1519796315,100,-9.01,-35.22,75.53,4.05
605,Natal,40,BR,1519794000,83,-5.81,-35.21,80.6,8.05
606,Mount Isa,0,AU,1519794720,70,-20.73,139.49,84.2,12.75
607,Chimbote,56,PE,1519796059,92,-9.08,-78.59,66.08,3.15
608,Christchurch,80,NZ,1519794000,77,-43.53,172.64,66.2,13.87
609,Bay Roberts,90,CA,1519794000,100,47.58,-53.28,28.4,13.87
610,Walvis Bay,100,NA,1519796316,100,-22.95,14.51,62.03,4.94
611,Mudgee,64,AU,1519796316,56,-32.6,149.59,81.87,9.86
612,Teguise,80,ES,1519796136,90,29.06,-13.56,63.69,28.88
613,Kintinku,32,TZ,1519796317,61,-5.89,35.22,76.83,4.61
614,Sept-Iles,20,CA,1519794000,78,50.2,-66.38,14.0,8.05
615,Beloha,88,MG,1519796318,75,-25.17,45.06,78.32,11.21
616,Exu,0,BR,1519794000,88,-7.52,-39.72,75.2,6.96
617,Amla,0,IN,1519796318,51,21.92,78.13,84.84,4.38
618,Alyangula,8,AU,1519796319,86,-13.85,136.42,90.2,6.17
619,Newcastle,20,ZA,1519796145,74,-27.76,29.92,65.27,3.94
620,Pinyug,56,RU,1519796320,81,60.25,47.79,6.45,4.94
621,Mumford,0,GH,1519796320,95,5.26,-0.76,74.22,6.4
622,Inirida,20,CO,1519796321,91,3.87,-67.92,74.22,2.15
623,Ahtopol,90,BG,1519795800,92,42.1,27.94,24.8,20.8
624,Beira,75,ES,1519795800,69,43.2,-8.36,35.6,5.82
625,Saint-Georges,92,CA,1519796322,97,46.12,-70.67,34.71,7.63
626,Labuhan,24,ID,1519796322,78,-2.54,115.51,83.67,1.36
627,Jiexiu,0,CN,1519796323,56,37.02,111.92,54.6,14.79
628,Upata,68,VE,1519796044,79,8.02,-62.41,71.79,7.4
629,Ovre Ardal,0,NO,1519793400,54,61.32,7.8,3.2,14.99
630,Chenghai,40,CN,1519794000,69,23.46,116.77,77.0,2.24
631,Tilichiki,68,RU,1519796324,75,60.47,166.1,-0.03,5.39
632,Usinsk,88,RU,1519796324,87,66.0,57.56,15.36,10.31
633,Jining,0,CN,1519796325,68,35.41,116.58,58.52,10.98
634,Zambezi,80,ZM,1519796325,99,-13.55,23.12,66.03,7.74
635,Japura,44,ID,1519796325,81,-0.42,102.29,82.32,2.93
636,Piacabucu,20,BR,1519796326,94,-10.41,-36.43,75.8,5.39
637,Iguatu,92,BR,1519796326,93,-6.36,-39.3,70.85,6.29
638,Palafrugell,75,ES,1519795800,100,41.92,3.16,32.0,2.24
639,Pangody,20,RU,1519796327,32,65.85,74.49,-21.68,13.56
640,Talara,56,PE,1519796046,70,-4.58,-81.27,72.92,5.73
641,Erzincan,75,TR,1519793400,92,39.75,39.49,28.4,2.37
642,Mazyr,88,BY,1519796328,81,52.05,29.27,4.07,18.25
643,Northam,12,GB,1519793400,79,51.04,-4.21,26.6,12.75
644,Ornskoldsvik,0,SE,1519795200,83,63.29,18.72,-4.01,6.93
645,Tateyama,0,JP,1519794000,65,36.66,137.31,46.4,6.93
646,Iralaya,76,HN,1519796329,97,15.0,-83.23,74.22,7.4
647,General Roca,20,AR,1519790400,60,-39.03,-67.58,73.4,4.7
648,Singaparna,44,ID,1519796330,100,-7.35,108.11,73.23,2.37
649,Bermeo,90,ES,1519795800,100,43.42,-2.72,26.6,4.7
650,Naze,20,NG,1519796331,94,5.43,7.07,69.5,2.93
651,Mwinilunga,76,ZM,1519796331,94,-11.73,24.43,65.76,5.61
652,Nishihara,0,JP,1519794000,26,35.74,139.53,59.0,8.05
653,Pyaozerskiy,0,RU,1519796129,68,65.83,31.17,2.58,7.4
654,Okhotsk,56,RU,1519796332,97,59.36,143.24,14.01,3.15
655,Baruun-Urt,8,MN,1519796332,57,46.68,113.28,13.52,19.82
656,Adamovka,64,RU,1519796332,92,51.52,59.94,15.99,5.39
657,Ossora,80,RU,1519796333,84,59.24,163.07,9.2,8.08
658,Whyalla,0,AU,1519794000,56,-33.04,137.58,73.4,19.46
659,Kindu,92,CD,1519796102,100,-2.95,25.92,68.42,2.93
660,San Alberto,90,PY,1519790400,100,-24.98,-54.91,69.8,11.41
661,Trairi,8,BR,1519796162,99,-3.28,-39.27,82.32,16.8
662,Oster,90,UA,1519794000,84,50.95,30.88,8.6,11.18
663,Zabol,40,IR,1519794000,59,31.03,61.49,60.8,9.17
664,Songea,88,TZ,1519796335,92,-10.68,35.65,70.44,2.59
665,Nuuk,20,GL,1519793400,48,64.17,-51.74,19.4,16.11
666,Vallenar,0,CL,1519796335,76,-28.58,-70.76,52.35,2.15
667,Stoholm,64,DK,1519795200,72,56.49,9.15,15.8,14.99
668,Sirohi,0,IN,1519796336,39,24.89,72.86,88.58,3.83
669,Primorsk,32,RU,1519796336,78,60.37,28.62,-3.23,7.74
670,Jalu,8,LY,1519796336,36,29.03,21.55,62.93,11.32
671,Beringovskiy,8,RU,1519796337,98,63.05,179.32,4.2,2.04
672,Marawi,20,PH,1519796082,95,8.0,124.29,77.19,2.37
673,Andros Town,40,BS,1519794000,78,24.73,-77.79,75.2,4.7
674,Vermillion,1,US,1519794900,92,42.78,-96.93,28.4,4.61
675,Port Shepstone,0,ZA,1519796338,90,-30.74,30.45,74.72,2.82
676,Velventos,20,GR,1519793400,92,40.25,22.06,26.6,3.38
677,Cururupu,56,BR,1519796339,90,-1.82,-44.87,77.19,5.28
678,Arecibo,80,PR,1519796339,100,18.47,-66.72,71.03,10.2
679,Trinidad,12,UY,1519796063,92,-33.52,-56.9,59.87,3.04
680,Numan,56,NG,1519796340,50,9.46,12.04,84.35,12.66
681,Puerto del Rosario,80,ES,1519794000,82,28.5,-13.86,64.4,25.28
682,Danielskuil,0,ZA,1519796340,55,-28.19,23.54,70.13,11.32
683,Kuching,75,MY,1519794000,70,1.56,110.34,87.8,3.36
684,Valleyview,80,CA,1519796341,74,55.07,-117.28,24.36,9.08
685,Fez,20,MA,1519794000,93,34.03,-5.02,42.8,3.36
686,Ha Tinh,48,VN,1519796342,98,18.33,105.9,69.18,1.81
687,Kutum,0,SD,1519796342,49,14.2,24.66,66.57,2.71
688,Sarakhs,75,TM,1519794000,100,36.54,61.16,53.6,4.5
689,Lumphat,0,KH,1519796343,43,13.5,106.97,92.85,2.93
690,Hay River,5,CA,1519794000,84,60.82,-115.79,1.4,2.24
691,Renigunta,0,IN,1519796344,35,13.64,79.51,91.05,4.5
692,Novopokrovka,0,RU,1519796344,50,45.85,134.51,21.03,3.38
693,Bilibino,20,RU,1519796345,65,68.06,166.44,-9.39,2.37
694,Kabanjahe,20,ID,1519794000,66,3.1,98.49,86.0,6.93
695,Lauria,44,IT,1519796346,100,40.05,15.84,11.18,1.92
696,Norwalk,1,US,1519793880,70,33.91,-118.08,51.8,1.92
697,Lapa,0,BR,1519794000,93,-25.77,-49.72,64.4,4.7
698,Karuzi,56,BI,1519796291,98,-3.1,30.16,62.57,3.94
699,Mangrol,0,IN,1519796347,41,25.33,76.51,87.45,4.61
700,Gorontalo,64,ID,1519796348,88,0.54,123.06,79.89,2.37
701,Liwale,92,TZ,1519796348,99,-9.8,37.92,71.03,2.37
702,Tofield,75,CA,1519794000,72,53.37,-112.67,19.4,10.29
703,Coihaique,0,CL,1519794000,54,-45.58,-72.07,59.0,8.05
704,Libreville,20,GA,1519794000,94,0.39,9.45,73.4,2.24
705,Tucuman,12,PE,1519796349,86,-17.17,-70.89,48.98,0.81
706,Gravdal,20,NO,1519795200,47,59.79,5.78,14.0,6.93
707,College,20,US,1519793880,92,64.86,-147.8,10.4,12.66
708,San Cristobal,75,EC,1519794000,76,-0.39,-78.55,55.4,1.12
709,Floridia,75,IT,1519793700,75,37.09,15.15,44.6,4.7
710,Ta Khmau,40,KH,1519794000,52,11.48,104.95,91.4,6.93
711,Manoel Urbano,0,BR,1519796351,94,-8.84,-69.26,70.98,2.04
712,Nha Trang,56,VN,1519796351,84,12.24,109.19,78.72,8.3
713,Zaraza,56,VE,1519796352,81,9.35,-65.33,73.37,10.76
714,Butzow,75,DE,1519795200,78,52.49,12.6,12.2,8.05
715,Cervo,80,BR,1519796352,98,-22.19,-46.24,62.88,2.37
716,Svetlogorsk,64,RU,1519794000,59,53.14,59.15,3.2,6.71
717,Sao Felix do Xingu,56,BR,1519796353,100,-6.64,-51.99,73.14,1.81
718,Chillicothe,1,US,1519794900,52,39.33,-82.98,46.4,3.36
719,Santa Vitoria do Palmar,24,BR,1519796354,89,-33.52,-53.37,65.85,6.62
720,Mayumba,92,GA,1519796354,100,-3.44,10.65,75.84,3.38
721,Mandurah,0,AU,1519794000,32,-32.55,115.7,80.6,11.41
722,Boddam,75,GB,1519795200,58,57.47,-1.78,28.4,18.34
723,Kloulklubed,75,PW,1519793640,62,7.04,134.26,87.8,11.41
724,Collie,0,AU,1519796356,39,-33.36,116.15,79.17,5.39
725,Pangai,75,TO,1519790400,83,-19.8,-174.35,84.2,9.17
726,Kitimat,90,CA,1519794000,86,54.02,-128.69,33.8,19.46
727,Itanagar,20,IN,1519794000,64,27.1,93.63,75.2,4.7
728,San Patricio,56,PY,1519796357,92,-26.98,-56.83,72.96,2.15
729,Salina Cruz,0,MX,1519796357,66,16.18,-95.2,71.43,5.06
730,Okha,20,RU,1519796358,87,53.59,142.95,8.7,10.54
731,Misratah,12,LY,1519796065,97,32.38,15.09,57.8,9.64
732,Datong,24,CN,1519796358,45,40.09,113.3,44.48,16.46
733,Alta Floresta,64,BR,1519796359,97,-9.87,-56.08,71.79,1.59
734,Abnub,0,EG,1519790400,66,27.27,31.15,50.0,4.7
735,Kondinskoye,44,RU,1519796360,71,59.65,67.41,-10.11,7.29
736,Dese,75,IT,1519793700,68,45.53,12.3,24.8,10.29
737,Balsas,48,BR,1519796262,91,-7.53,-46.04,71.57,2.71
738,Upington,0,ZA,1519794000,56,-28.46,21.24,71.6,13.87
739,Zonguldak,88,TR,1519796361,85,41.25,31.83,45.33,5.61
740,Voh,64,NC,1519796361,100,-20.95,164.69,80.97,1.03
741,Marechal Candido Rondon,56,BR,1519796362,96,-24.56,-54.06,69.77,7.18
742,Charleston,75,US,1519793640,52,38.35,-81.63,46.4,5.82
743,Bani Walid,8,LY,1519796363,92,31.76,14.0,49.11,5.95
744,Tuy Hoa,92,VN,1519796363,88,13.08,109.3,76.52,4.05
745,Port Augusta,0,AU,1519794000,56,-32.49,137.76,73.4,19.46
746,Zenzeli,88,RU,1519796364,87,45.92,47.05,31.97,10.42
747,Katherine,75,AU,1519794000,50,-14.47,132.26,95.0,5.82
748,Ha Giang,24,VN,1519796364,89,22.83,104.99,68.73,1.92
749,Avera,1,US,1519793700,76,33.19,-82.53,53.6,4.61
750,Talcher,0,IN,1519796365,31,20.95,85.21,92.85,4.38
751,Morondava,0,MG,1519796365,76,-20.3,44.28,88.22,5.17
752,Mandera,0,ET,1519796366,54,3.94,41.86,84.17,7.74
753,Dawlatabad,76,AF,1519796366,72,36.41,64.91,57.39,4.16
754,Luganville,20,VU,1519796366,100,-15.51,167.18,82.95,5.95
755,Gobabis,32,NA,1519796367,90,-22.45,18.97,62.03,9.19
756,Aransas Pass,90,US,1519794900,88,27.91,-97.15,73.4,15.01
757,Parsabad,12,AZ,1519796367,94,39.65,47.92,45.96,4.27
758,Kargasok,44,RU,1519796368,65,59.06,80.87,-3.68,3.49
759,Richards Bay,0,ZA,1519796368,75,-28.77,32.06,74.22,4.61
760,Nautla,0,MX,1519796368,96,20.22,-96.78,75.75,21.72
761,Holland,90,US,1519794900,57,42.79,-86.11,53.6,11.41
762,Rincon,1,US,1519796100,72,32.3,-81.24,59.0,5.82
763,Recke,40,DE,1519795200,73,52.37,7.72,19.4,6.93
764,Altay,44,CN,1519796370,82,47.83,88.13,24.5,3.04
765,Anamur,64,TR,1519796371,97,36.08,32.84,54.69,3.83
766,Predivinsk,20,RU,1519796371,61,57.07,93.44,4.2,3.6
767,Dunedin,0,NZ,1519796371,82,-45.87,170.5,65.4,3.15
768,Port-Gentil,90,GA,1519794000,94,-0.72,8.78,77.0,2.24
769,Kamariotissa,90,GR,1519795200,86,40.48,25.47,44.6,8.05
770,Rybnaya Sloboda,0,RU,1519794000,83,55.46,50.14,-9.41,6.71
771,Yeppoon,75,AU,1519794000,66,-23.13,150.74,84.2,13.87
772,Guaymas,88,MX,1519796373,88,27.92,-110.9,53.43,6.06
773,Kamenka,56,RU,1519796374,77,53.19,44.05,-3.59,10.2
774,Huarmey,48,PE,1519796374,80,-10.07,-78.15,62.25,2.93
775,Saint-Gaudens,90,FR,1519794000,46,43.11,0.72,28.4,8.05
776,Opuwo,0,NA,1519796375,54,-18.06,13.84,57.75,2.37
777,Basoko,80,CD,1519796376,93,1.23,23.61,74.04,4.38
778,Daru,64,SL,1519796376,82,7.99,-10.85,70.62,2.93
779,Jian,0,IN,1519796376,83,25.65,87.89,78.27,4.72
780,Tiznit,0,MA,1519796377,83,29.7,-9.73,52.44,3.71
781,Bandar-e Lengeh,75,IR,1519794000,64,26.56,54.88,73.4,13.87
782,Fengcheng,64,CN,1519796377,59,40.45,124.07,46.14,11.43
783,Seoul,90,KR,1519795800,80,37.57,126.98,44.6,9.17
784,Atambua,68,ID,1519796378,100,-9.11,124.89,80.52,6.96
785,Najran,5,SA,1519794000,33,17.54,44.22,71.6,4.7
786,Grand-Santi,12,GF,1519796378,83,4.27,-54.38,74.04,3.15
787,La Rioja,76,AR,1519796379,96,-29.41,-66.86,62.79,3.04
788,Minab,40,IR,1519794000,78,27.15,57.07,71.6,9.17
789,Los Llanos de Aridane,88,ES,1519795800,49,28.66,-17.92,68.0,19.46
790,Rodrigues Alves,75,BR,1519794000,94,-7.74,-72.65,75.2,2.37
791,Kuyanovo,36,RU,1519796380,71,56.95,86.47,-1.92,4.5
792,La Union,20,GT,1519796381,96,14.97,-89.29,60.5,1.92
793,Bahraich,0,IN,1519796381,51,27.58,81.6,83.76,4.61
794,Roald,0,NO,1519795200,41,62.58,6.12,23.0,18.34
795,Sahuaripa,92,MX,1519796382,97,29.05,-109.23,48.84,2.15
796,San Jose,32,PH,1519796140,68,15.79,120.99,84.93,3.04
797,Chernaya Kholunitsa,32,RU,1519796383,70,58.85,51.72,-1.61,10.54
798,Lolodorf,88,CM,1519796384,97,3.23,10.73,65.85,2.26
799,Nizhniy Odes,68,RU,1519796384,88,63.64,54.86,11.94,5.39
800,Kingisepp,0,RU,1519796385,69,59.38,28.61,-9.26,5.39
801,Zaozerne,76,UA,1519796385,85,51.37,23.94,7.22,15.46
802,Saint-Augustin,0,FR,1519794000,53,44.83,-0.61,24.8,6.93
803,Qandala,0,SO,1519796386,71,11.47,49.87,74.9,2.37
804,Casper,1,US,1519793580,68,42.87,-106.31,28.4,12.75
805,Aris,0,CH,1519793400,72,46.61,7.69,15.8,4.7
806,Havre-Saint-Pierre,40,CA,1519794000,92,50.23,-63.6,8.6,9.17
807,Peruibe,92,BR,1519796387,100,-24.32,-47.0,77.73,2.15
808,Yugorsk,12,RU,1519796387,69,61.32,63.33,-15.38,4.16
809,Fairbanks,20,US,1519793880,92,64.84,-147.72,10.4,12.66
810,Mozarlandia,56,BR,1519796388,91,-14.74,-50.57,72.33,3.15
811,Carahue,0,CL,1519796389,100,-38.71,-73.16,51.63,2.59
812,Samarai,0,PG,1519796389,100,-10.62,150.67,84.66,9.42
813,Atbasar,76,KZ,1519796389,93,51.81,68.36,21.39,5.61
814,Esmeraldas,40,BR,1519794000,88,-19.76,-44.31,71.6,4.7
815,Kurud,0,IN,1519796390,41,20.85,81.72,89.34,5.39
816,Fushun,90,CN,1519794000,55,41.89,123.95,42.8,11.18
817,Mandalgovi,0,MN,1519796391,79,45.76,106.27,15.05,16.69
818,Fare,80,PF,1519796391,98,-16.7,-151.02,82.28,14.0
819,Alekseyevsk,44,RU,1519796392,55,57.84,108.35,2.63,3.38
820,Yenagoa,44,NG,1519796120,91,4.92,6.26,72.83,4.16
821,Mecca,0,SA,1519794000,68,21.43,39.83,71.6,4.38
822,Yuncheng,0,CN,1519796393,59,35.03,111.0,59.1,7.4
823,Morgan City,20,US,1519794900,100,29.7,-91.21,73.4,4.7
824,Nikel,75,NO,1519795200,78,69.41,30.21,15.8,26.4
825,South Hadley,1,US,1519793760,64,42.26,-72.57,39.2,6.93
826,Wuzhou,24,CN,1519796394,70,23.48,111.3,78.09,3.83
827,Tottori,0,JP,1519794000,58,35.5,134.23,55.4,16.11
828,Manado,40,ID,1519792200,70,1.49,124.85,86.0,9.17
829,Dudinka,76,RU,1519796172,33,69.41,86.18,-22.26,20.6
830,Mogzon,0,RU,1519796395,36,51.74,111.97,6.23,11.54
831,Khandyga,68,RU,1519796396,61,62.65,135.58,-13.31,3.6
832,Stromness,75,CA,1519794000,69,42.87,-79.55,46.4,8.05
833,Rjukan,36,NO,1519796396,60,59.88,8.59,-4.26,8.75
834,Nouadhibou,64,MR,1519794000,77,20.93,-17.03,62.6,4.7
835,Sola,0,FI,1519795200,83,62.78,29.36,-11.21,3.36
836,Baiyin,0,CN,1519794000,25,36.55,104.13,50.0,8.95
837,Neiafu,75,TO,1519790400,74,-18.65,-173.98,84.2,6.93
838,Yining,0,CN,1519796398,64,29.04,114.56,63.2,4.05
839,Rosamorada,32,MX,1519796399,80,22.12,-105.21,62.12,0.25
840,Pindiga,100,NG,1519796399,49,9.98,10.93,85.56,4.38
841,Yankton,1,US,1519793760,92,42.87,-97.4,24.8,8.05
842,Bakel,0,SN,1519796400,44,14.9,-12.46,71.43,11.77
843,Ulladulla,0,AU,1519790400,45,-35.36,150.48,84.2,11.41
844,Ishigaki,75,JP,1519794000,69,24.34,124.16,77.0,19.46
845,Ullapool,0,GB,1519796401,100,57.9,-5.16,31.65,17.25
846,Saint-Louis,56,CH,1519795800,78,47.59,7.56,10.4,3.36
847,Willmar,1,US,1519794960,92,45.12,-95.04,24.8,4.7
848,Along,0,IN,1519796402,59,28.17,94.8,68.73,1.92
849,Grand Island,1,US,1519794900,92,40.92,-98.34,30.2,6.93
850,Catole do Rocha,0,BR,1519796403,72,-6.34,-37.75,75.66,7.29
851,Yorosso,20,ML,1519796403,90,12.35,-4.78,69.09,9.64
852,Berberati,0,CF,1519794000,100,4.26,15.79,68.0,6.29
853,Yarmouth,0,GB,1519793400,92,50.71,-1.5,23.0,11.41
854,Prince Rupert,90,CA,1519794600,100,54.32,-130.32,33.8,8.05
855,Baghdad,75,IQ,1519794000,93,33.3,44.38,59.0,4.38
856,Pueblo,1,US,1519793880,24,38.25,-104.61,42.8,10.29
857,Gunjur,0,GM,1519794000,88,13.18,-16.76,64.4,6.93
858,Buluang,40,PH,1519794000,62,10.47,123.98,87.8,9.17
859,Cherusti,56,RU,1519796406,78,55.55,40.01,-7.46,10.31
860,Banamba,64,ML,1519796155,63,13.55,-7.45,73.95,10.65
861,Mazagao,75,BR,1519794000,100,-0.12,-51.29,77.0,4.7
862,Totness,1,US,1519794900,100,33.74,-80.8,48.2,3.15
863,Nara,75,JP,1519794000,23,34.68,135.8,62.6,4.7
864,Mount Barker,20,AU,1519794000,46,-35.06,138.86,73.4,18.34
865,Wanxian,8,CN,1519796408,88,30.8,108.39,57.75,3.38
866,Abaza,64,RU,1519796408,59,52.65,90.1,3.93,3.38
867,Roebourne,0,AU,1519796409,22,-20.77,117.15,103.92,11.21
868,Skibbereen,75,IE,1519795800,92,51.55,-9.27,24.8,14.99
869,Bahia Honda,0,CU,1519796159,84,22.9,-83.16,69.99,7.07
870,Carlisle,64,GB,1519793400,92,54.89,-2.94,21.2,13.87
871,Kuloy,48,RU,1519796410,68,61.03,42.49,-0.53,7.74
872,Diego de Almagro,0,CL,1519796410,85,-26.39,-70.05,52.26,1.25
873,Nouakchott,0,MR,1519796411,100,18.08,-15.98,63.06,11.54
874,Acapulco,5,MX,1519793220,78,16.86,-99.88,78.8,8.05
875,Tarrafal,20,CV,1519794000,82,15.28,-23.77,66.2,4.7
876,Humaita,40,AR,1519794000,93,-24.93,-65.37,66.2,2.24
877,Elbistan,80,TR,1519796118,100,38.2,37.19,32.46,3.94
878,Torbat-e Jam,88,IR,1519796412,92,35.24,60.63,51.32,3.38
879,Krasnovishersk,0,RU,1519796413,64,60.4,57.08,-13.89,3.71
880,Jaru,56,BR,1519796413,98,-10.43,-62.48,69.05,2.15
881,Puerto Lempira,32,HN,1519796413,91,15.27,-83.77,69.36,4.94
882,Celestun,0,MX,1519796414,89,20.87,-90.4,80.07,19.26
883,Mnogovershinnyy,0,RU,1519796415,55,53.94,139.92,12.17,4.5
884,Tabou,44,CI,1519796415,99,4.42,-7.36,80.07,9.42
885,Pionerskiy,20,RU,1519796415,64,61.2,62.86,-13.8,3.6
886,Healesville,0,AU,1519794600,20,-37.65,145.52,84.2,24.16
887,Benguela,92,AO,1519796416,100,-12.58,13.4,77.19,4.94
888,Jiutai,75,CN,1519794000,98,44.15,125.84,32.0,8.95
889,Gouyave,40,GD,1519794000,83,12.16,-61.73,75.2,3.36
890,Burnie,44,AU,1519796417,97,-41.05,145.91,65.4,18.37
891,Mahina,32,ML,1519796418,71,13.76,-10.85,73.28,2.82
892,Fenelon Falls,90,CA,1519794000,49,44.54,-78.74,46.4,8.05
893,Ust-Tsilma,76,RU,1519796418,84,65.44,52.15,16.44,7.29
894,Freeport,56,BS,1519796419,100,26.54,-78.7,71.93,11.32
895,Sabha,0,LY,1519796419,52,27.03,14.43,47.13,3.71
896,Lahij,64,YE,1519796420,78,13.06,44.88,73.86,4.61
897,Florianopolis,0,BR,1519794000,88,-27.6,-48.55,71.6,4.7
898,Killam,0,CA,1519796420,67,52.79,-111.86,10.59,4.5
899,Puerto Colombia,0,CO,1519794000,73,10.99,-74.96,77.0,16.11
900,Bauchi,64,NG,1519796421,37,10.31,9.85,81.51,10.2
901,Gigmoto,92,PH,1519796421,99,13.78,124.39,80.57,10.2
902,Guanica,0,PR,1519796422,100,17.97,-66.91,70.67,6.73
903,Lakatoro,76,VU,1519796422,100,-16.11,167.42,79.35,2.82
904,Cap-aux-Meules,0,CA,1519796422,100,47.38,-61.86,16.26,7.85
905,Port Macquarie,0,AU,1519794000,54,-31.43,152.91,80.6,12.75
906,Dzilam Gonzalez,0,MX,1519796423,59,21.28,-88.93,76.38,6.06
907,Wukari,8,NG,1519796423,87,7.87,9.78,75.08,10.54
908,Guarda,92,PT,1519796424,100,40.54,-7.27,31.29,3.83
909,Shafranovo,20,RU,1519796424,87,53.97,54.77,2.04,6.85
910,Turriff,75,GB,1519795200,58,57.54,-2.46,28.4,18.34
911,Dalvik,75,SE,1519795200,84,57.79,14.13,5.0,13.87
912,Sisimiut,48,GL,1519796425,54,66.94,-53.67,-10.83,4.72
913,Trebinje,20,HR,1519795800,100,42.71,18.35,32.0,8.05
914,Kindersley,40,CA,1519794000,92,51.47,-109.16,8.6,6.93
915,Benesat,0,RO,1519794000,84,47.41,23.29,8.6,4.7
916,Riesa,20,DE,1519795200,92,51.3,13.31,6.8,3.36
917,Micheweni,68,TZ,1519796427,100,-4.97,39.83,81.47,6.06
918,Becerril,56,CO,1519796428,96,9.7,-73.28,64.86,2.15
919,Washington DC.,1,US,1519795080,56,38.9,-77.04,46.4,3.36
920,Zvishavane,92,ZW,1519796429,100,-20.32,30.05,65.4,4.16
921,Chipinge,92,ZW,1519796429,100,-20.19,32.62,70.44,2.37
922,Grindavik,75,IS,1519794000,93,63.84,-22.43,42.8,9.17
923,Tigzirt,12,DZ,1519796430,90,36.57,4.2,39.62,2.15
924,Alofi,48,NU,1519794000,78,-19.06,-169.92,82.4,3.36
925,La Libertad,40,PE,1519794000,93,-16.38,-71.56,50.0,3.36
926,Shchelkun,75,RU,1519794000,76,56.3,60.95,-4.01,8.95
927,Hovd,0,NO,1519795200,76,63.83,10.7,12.2,6.93
928,Salto,48,UY,1519796242,90,-31.39,-57.96,69.27,8.75
929,Miyako,75,JP,1519794000,81,33.63,130.94,55.4,13.87
930,Kibala,0,TD,1519794000,58,9.11,18.35,82.4,11.41
931,Mbala,92,ZM,1519796433,92,-8.85,31.37,65.27,3.83
932,Lubumbashi,88,CD,1519796433,100,-11.66,27.48,64.5,3.83
933,Jumla,0,NP,1519796434,63,29.28,82.18,43.58,1.14
934,Severodvinsk,40,RU,1519794000,92,64.56,39.82,12.2,6.71
935,Erzin,40,TR,1519793400,100,36.95,36.2,50.0,11.41
936,Gurupi,80,BR,1519796435,91,-11.73,-49.07,72.42,3.27
937,Tasquillo,24,MX,1519796435,88,20.55,-99.31,48.53,1.92
938,Mackay,20,CA,1519794000,42,53.65,-115.58,26.6,6.93
939,Bom Jesus do Galho,20,BR,1519796436,92,-19.83,-42.32,69.36,6.17
940,Itapema,0,BR,1519794000,88,-27.09,-48.61,71.6,4.7
941,Goya,20,AR,1519796437,81,-29.14,-59.27,72.51,5.73
942,Balabac,64,PH,1519796437,100,7.99,117.06,81.38,8.63
943,Tigil,48,RU,1519796437,83,57.8,158.67,14.37,6.06
944,Punta Alta,0,AR,1519794000,83,-27.46,-55.82,75.2,3.36
945,Wang Saphung,20,TH,1519794000,58,17.3,101.77,86.0,5.82
946,Vagur,48,FO,1519796438,100,61.47,-6.81,40.56,22.28
947,Okato,92,NZ,1519796439,88,-39.19,173.88,70.71,8.97
948,Cootamundra,20,AU,1519796439,69,-34.64,148.03,81.83,9.08
949,Puerto Madryn,0,AR,1519796439,86,-42.77,-65.04,64.37,23.62
950,Axim,24,GH,1519796440,100,4.87,-2.24,79.62,6.96
951,Yelizovo,68,RU,1519794000,42,53.19,158.38,28.4,22.37
952,General Pico,0,AR,1519796441,93,-35.66,-63.75,61.4,4.38
953,Ecoporanga,32,BR,1519796441,98,-18.37,-40.83,67.88,4.94
954,Hare Bay,90,CA,1519794000,92,48.86,-53.99,28.4,9.17
955,Khorramshahr,0,IR,1519794000,82,30.43,48.18,62.6,2.24
956,Horn Lake,90,US,1519795320,93,34.96,-90.03,57.2,9.17
957,Parintins,80,BR,1519796387,99,-2.63,-56.73,72.69,2.71
958,Barra do Bugres,36,BR,1519796443,93,-15.07,-57.19,74.67,3.15
959,Kushima,75,JP,1519795140,87,31.5,131.29,59.0,27.51
960,Jose de Freitas,12,BR,1519796444,96,-4.76,-42.58,70.67,2.82
961,Curup,80,ID,1519796444,79,-3.47,102.53,78.36,1.14
962,Foggia,20,IT,1519793700,85,41.46,15.54,24.8,10.29
963,Guane,0,CU,1519796445,75,22.2,-84.09,71.07,6.96
964,Elko,1,US,1519793760,85,40.83,-115.76,19.4,4.7
965,Santa Ana,0,SV,1519793400,83,13.99,-89.56,78.8,4.7
966,Son La,0,VN,1519796448,62,21.32,103.9,76.83,2.37
967,Kabompo,68,ZM,1519796448,100,-13.6,24.21,66.12,5.95
968,Dapaong,20,TG,1519796449,93,10.86,0.2,69.72,4.94
969,Aktau,90,KZ,1519794000,93,43.65,51.16,42.8,6.71
970,La Primavera,75,AR,1519794000,60,-32.92,-68.67,68.0,12.75
971,Afsin,80,TR,1519796451,100,38.25,36.91,32.46,3.94
972,Kirando,92,TZ,1519796451,100,-7.37,30.62,69.05,5.61
973,Homer,20,US,1519793580,38,59.64,-151.54,26.6,12.75
974,Praya,75,ID,1519795800,70,-8.71,116.27,86.0,6.93
975,Parelhas,0,BR,1519796453,96,-6.69,-36.66,69.32,6.96
976,Bikaner,48,IN,1519796453,49,28.02,73.32,80.34,7.07
977,Balkanabat,92,TM,1519796453,94,39.51,54.36,47.63,3.49
978,Duldurga,36,RU,1519796454,47,50.67,113.59,8.16,14.67
979,Cabra,76,ES,1519795800,87,37.47,-4.43,53.6,4.7
980,Banda Aceh,44,ID,1519796231,84,5.56,95.32,83.04,4.16
981,Knysna,75,ZA,1519794000,87,-34.04,23.05,59.0,4.7
982,Ostersund,24,SE,1519793400,83,63.18,14.64,-11.21,3.36
983,Rocha,0,UY,1519796456,93,-34.48,-54.34,56.9,3.83
984,Janauba,56,BR,1519796456,95,-1.63,-45.47,74.85,4.16
985,Urucara,48,BR,1519796457,94,-2.54,-57.76,75.3,2.71
986,Sortland,75,NO,1519793400,74,68.69,15.42,30.2,20.8
987,Rakitnoye,90,RU,1519794000,92,50.83,35.83,8.6,17.9
988,Pallasovka,80,RU,1519796171,78,50.04,46.89,5.01,14.12
989,Kununurra,0,AU,1519794000,59,-15.77,128.74,93.2,6.93
990,Ogbomosho,0,NG,1519796459,95,8.13,4.25,73.14,9.19
991,Cizre,64,TR,1519796459,98,37.33,42.19,47.45,4.38
992,Jinhua,80,CN,1519796459,76,29.11,119.65,62.25,9.86
993,Vangaindrano,20,MG,1519796175,94,-23.35,47.6,79.44,3.6
994,Forest,90,US,1519795140,93,32.36,-89.47,66.2,14.99
995,Shostka,88,UA,1519796460,72,51.86,33.47,6.36,19.04
996,Orumiyeh,20,IR,1519794000,74,37.55,45.08,37.4,4.7
997,Hokitika,92,NZ,1519796461,89,-42.72,170.96,67.29,6.17
998,Weligama,8,LK,1519796462,88,5.97,80.42,85.25,3.27
999,Ambilobe,12,MG,1519796462,100,-13.19,49.05,79.53,2.71
1000,Qasigiannguit,0,GL,1519793400,46,68.82,-51.19,8.6,5.82
1001,Severnyy-Kospashskiy,0,RU,1519796463,63,59.09,57.8,-3.54,5.39
1002,Bonfim,92,BR,1519796463,92,-20.33,-44.24,67.02,2.82
1003,Sturgeon Bay,90,US,1519793760,93,44.83,-87.38,37.4,4.7
1004,Galle,90,US,1519795560,88,29.74,-97.91,69.8,11.41
1005,Uthal,48,PK,1519796465,39,25.81,66.62,83.04,4.38
1006,Kaoma,64,ZM,1519796465,99,-14.8,24.8,66.62,8.63
1007,Lagunas,8,PE,1519796465,90,-5.23,-75.68,74.04,2.37
1008,Cairns,75,AU,1519794000,78,-16.92,145.77,80.6,17.22
1009,Chingola,88,ZM,1519796466,98,-12.55,27.86,66.8,4.27
1010,Comodoro Rivadavia,0,AR,1519794000,62,-45.87,-67.48,59.0,2.24
1011,Emirdag,68,TR,1519796468,77,39.02,31.15,38.72,10.31
1012,Oceanside,1,US,1519793760,75,33.2,-117.38,51.8,5.17
1013,Kyaikkami,0,MM,1519796469,39,16.08,97.57,94.02,4.94
1014,Cristalina,88,BR,1519796469,93,-16.77,-47.61,68.42,5.17
1015,Astoria,75,US,1519793700,93,46.19,-123.83,41.0,4.7
1016,Juneau,90,US,1519793760,80,58.3,-134.42,33.8,11.41
1017,Itigi,8,TZ,1519796470,92,-5.7,34.5,67.65,4.38
1018,Montague,20,CA,1519794000,79,46.17,-62.65,26.6,5.82
1019,Tashtagol,76,RU,1519796471,56,52.76,87.85,12.98,3.38
1020,Teguldet,24,RU,1519796471,63,57.31,88.17,3.75,3.6
1021,Warkworth,88,NZ,1519794000,68,-36.4,174.66,71.6,16.11
1022,Aitape,64,PG,1519796472,95,-3.15,142.36,81.78,1.92
1023,San Antonio,90,CL,1519794000,87,-33.58,-71.61,59.0,2.24
1024,Iberia,8,PE,1519796474,93,-11.41,-69.49,72.51,2.37
1025,Wewak,76,PG,1519796475,73,-3.55,143.63,84.93,2.82
1026,Yenangyaung,20,MM,1519796475,49,20.46,94.87,87.72,6.4
1027,Kupang,75,ID,1519794000,74,-10.16,123.6,86.0,5.82
1028,Onda,75,ES,1519795800,93,39.96,-0.26,42.8,4.7
1029,Vulcan,24,CA,1519796477,69,50.4,-113.26,15.99,8.3
1030,Kokopo,88,PG,1519796477,100,-4.34,152.27,81.15,6.17
1031,Ambatondrazaka,76,MG,1519796477,75,-17.82,48.43,73.77,3.04
1032,Olaszliszka,0,HU,1519794000,61,48.24,21.44,12.2,17.22
1033,Yantal,44,RU,1519796478,50,56.85,105.25,0.83,3.6
1034,Ashington,75,GB,1519795200,86,55.18,-1.57,26.6,17.22
1035,Rock Sound,0,BS,1519796479,100,24.9,-76.2,74.04,5.61
1036,Havelock,0,US,1519793880,65,34.88,-76.9,46.4,5.82
1037,Polunochnoye,12,RU,1519796480,65,60.87,60.43,-8.31,4.83
1038,Muncar,0,ID,1519796480,83,-8.43,114.34,84.35,3.38
1039,Caohai,0,CN,1519796480,66,26.87,104.28,63.47,3.94
1040,Poum,8,MK,1519796481,78,41.28,20.71,19.59,3.15
1041,Minsk Mazowiecki,40,PL,1519795800,71,52.18,21.57,8.6,13.87
1042,Romitan,88,UZ,1519794000,87,39.93,64.38,51.8,6.93
1043,Mirnyy,90,RU,1519794000,86,56.57,36.46,26.6,20.13
1044,Nador,0,MA,1519795800,81,35.17,-2.93,51.8,4.7
1045,San-Pedro,48,CI,1519796483,95,4.75,-6.64,74.0,5.73
1046,Taltal,8,CL,1519796483,100,-25.41,-70.49,44.07,1.7
1047,Stepnyak,48,KZ,1519796483,94,52.83,70.79,13.88,4.61
1048,Verkhnevilyuysk,32,RU,1519796484,58,63.45,120.31,-12.18,6.51
1049,Ordu,36,TR,1519796484,72,40.98,37.88,42.09,2.15
1050,America Dourada,0,BR,1519796484,61,-11.46,-41.44,72.38,9.86
1051,Orikum,68,AL,1519796485,100,40.33,19.47,44.12,26.75
1052,Phan Thiet,48,VN,1519796308,92,10.93,108.1,82.23,5.73
1053,Ilhabela,80,BR,1519796479,100,-23.78,-45.36,76.56,5.17
1054,Nenjiang,68,CN,1519796486,71,49.17,125.23,17.79,9.64
1055,Brae,12,GB,1519795200,68,60.4,-1.35,28.4,13.87
1056,Ust-Maya,76,RU,1519796486,68,60.42,134.54,-9.89,3.71
1057,Bikramganj,0,IN,1519796487,82,25.22,84.27,79.98,4.61
1058,Noyabrsk,20,RU,1519796487,67,63.2,75.45,-14.84,4.05
1059,Oranjestad,20,AW,1519794000,83,12.52,-70.03,75.2,5.82
1060,Jutai,80,BR,1519796488,99,-1.71,-47.89,74.4,2.59
1061,Kalmunai,44,LK,1519796488,88,7.42,81.82,82.55,8.19
1062,Meulaboh,0,ID,1519796489,100,4.14,96.13,83.4,4.72
1063,Muzhi,68,RU,1519796489,63,65.4,64.7,-13.49,12.88
1064,Zheshart,68,RU,1519796489,81,62.09,49.59,8.7,4.94
1065,Abu Samrah,32,SY,1519796490,91,35.3,37.18,47.45,5.17
1066,Paka,75,HR,1519795800,92,45.29,18.06,14.0,9.17
1067,Linxia,8,CN,1519796241,14,35.6,103.21,53.07,6.62
1068,Dickinson,1,US,1519793760,78,46.88,-102.79,17.6,12.75
1069,Lipin Bor,44,RU,1519796491,77,60.26,37.97,-6.96,10.2
1070,Vila,0,IT,1519795200,85,45.18,8.4,21.2,5.82
1071,Lins,44,BR,1519796492,84,-21.67,-49.75,73.37,1.36
1072,Palitana,0,IN,1519796492,50,21.52,71.82,88.58,8.19
1073,Garden City,1,US,1519796100,56,40.73,-73.63,46.4,8.75
1074,Vondrozo,24,MG,1519796493,91,-22.82,47.32,79.62,4.5
1075,Pedernales,92,EC,1519796493,99,0.07,-80.05,70.8,3.15
1076,Itaituba,44,BR,1519796494,96,-4.26,-55.99,74.76,2.15
1077,Horadiz,0,AZ,1519796494,94,39.45,47.33,45.02,4.27
1078,Acaponeta,36,MX,1519796494,97,22.49,-105.36,68.78,6.4
1079,Neuquen,20,AR,1519796495,86,-38.95,-68.06,60.81,4.16
1080,Yarada,0,IN,1519796495,100,17.65,83.27,79.4,5.61
1081,Wajima,0,JP,1519794000,70,37.4,136.9,42.8,5.82
1082,Korisos,20,GR,1519793400,92,40.5,21.38,26.6,2.26
1083,Veraval,0,FR,1519795800,66,49.65,0.71,19.4,8.05
1084,Pumiao,90,CN,1519794000,78,22.75,108.49,73.4,4.47
1085,Novochernorechenskiy,12,RU,1519796497,50,56.27,91.08,4.97,3.6
1086,Palimanan,0,ID,1519796497,100,-6.71,108.43,82.59,6.96
1087,Boa Vista,0,BR,1519794000,61,2.82,-60.67,82.4,9.17
1088,Praia,64,BR,1519796500,92,-20.25,-43.81,64.05,2.59
1089,Kjopsvik,75,NO,1519793400,68,68.1,16.37,24.8,6.93
1090,Warrington,0,GB,1519795200,79,53.39,-2.59,23.0,10.29
1091,Nambour,48,AU,1519796501,84,-26.63,152.96,78.23,5.5
1092,Batagay-Alyta,56,RU,1519796501,75,67.8,130.41,-4.98,3.71
1093,Urdoma,76,RU,1519796501,80,61.74,48.55,6.72,5.17
1094,Ust-Barguzin,44,RU,1519796502,55,53.41,109.03,5.1,4.16
1095,Sol-Iletsk,8,RU,1519796502,86,51.16,55.0,2.67,8.63
1096,Bull Savanna,80,JM,1519796503,96,17.89,-77.59,67.52,2.93
1097,Hualmay,24,PE,1519796503,91,-11.1,-77.61,63.6,3.71
1098,Khilok,44,RU,1519796503,36,51.36,110.46,6.27,9.53
1099,Skelleftea,0,SE,1519795200,68,64.75,20.95,-20.21,3.36
1100,Atar,0,MR,1519796504,60,20.52,-13.05,45.96,2.59
1101,Amarwara,0,IN,1519796504,35,22.3,79.17,86.01,6.62
1102,Valle de Allende,80,MX,1519796505,38,26.94,-105.39,57.03,9.08
1103,Sindou,48,BF,1519796505,93,10.66,-5.16,69.54,10.42
1104,Maryville,90,US,1519794900,100,40.35,-94.87,53.6,5.82
1105,Halifax,20,CA,1519794000,79,44.65,-63.58,26.6,6.93
1106,Buraydah,0,SA,1519794000,93,26.33,43.97,59.0,10.29
1107,Monterey,1,US,1519793700,70,36.6,-121.89,44.6,4.7
1108,Grandview,90,US,1519797300,81,38.89,-94.53,53.6,3.36
1109,Yakeshi,80,CN,1519796508,73,49.28,120.73,15.45,11.54
1110,Dali,0,CN,1519796509,53,25.6,100.24,62.93,2.15
1111,Mutoko,68,ZW,1519796509,87,-17.4,32.23,72.38,3.83
1112,Amberley,88,NZ,1519794000,77,-43.15,172.73,66.2,13.87
1113,Gwanda,92,ZW,1519796510,100,-20.94,29.0,65.22,6.96
1114,Yasothon,75,TH,1519794000,46,15.8,104.15,89.6,6.93
1115,Bijie,56,CN,1519796511,84,27.3,105.3,59.73,3.6
1116,Hopelchen,5,MX,1519792860,65,19.77,-89.85,78.8,11.41
1117,Tashla,0,RU,1519794000,70,53.71,49.75,-4.01,13.42
1118,Mapimi,88,MX,1519796512,27,25.82,-103.85,69.63,6.29
1119,Kizukuri,75,JP,1519794000,98,40.81,140.39,35.6,9.17
1120,Santiago,0,CL,1519794000,82,-33.44,-70.65,57.2,8.05
1121,Podporozhye,20,RU,1519796514,64,60.91,34.16,-7.77,3.6
1122,Babu,0,CN,1519796514,88,23.23,104.89,66.66,3.38
1123,Hervey Bay,12,AU,1519796514,92,-25.3,152.85,80.07,11.1
1124,Rio Grande,20,BR,1519796515,100,-32.03,-52.1,71.25,6.62
1125,Boguchany,12,RU,1519796515,58,58.38,97.46,2.0,3.6
1126,Solhan,75,TR,1519793400,100,38.97,41.05,37.4,3.36
1127,Sorland,75,NO,1519795200,68,67.67,12.69,30.2,6.93
1128,Flin Flon,48,CA,1519796516,84,54.77,-101.88,16.4,4.94
1129,Isabela,68,PH,1519796517,75,10.2,122.99,83.13,3.49
1130,Rafraf,40,TN,1519794000,87,37.19,10.18,50.0,5.82
1131,Shetpe,44,KZ,1519796517,93,44.14,52.16,33.0,5.61
1132,Meadow Lake,0,CA,1519796518,83,54.13,-108.44,19.68,8.08
1133,Sainte-Anne-des-Monts,12,CA,1519796518,77,49.13,-66.49,14.64,2.71
1134,Guangyuan,0,CN,1519796518,60,32.43,105.86,62.12,3.6
1135,Port-Cartier,20,CA,1519794000,78,50.03,-66.88,14.0,8.05
1136,Zeya,8,RU,1519796519,44,53.74,127.27,10.77,3.04
1137,Takoradi,64,GH,1519796519,100,4.89,-1.75,78.18,5.39
1138,Carmen,32,PH,1519796435,63,7.2,124.8,90.02,4.27
1139,Hilton Head Island,1,US,1519796100,72,32.16,-80.75,59.0,5.82
1140,Mitsamiouli,20,KM,1519794000,70,-11.38,43.28,84.2,4.7
1141,Killybegs,0,IE,1519796519,100,54.63,-8.45,31.38,21.94
1142,Tulum,20,MX,1519793640,94,20.21,-87.46,69.8,3.71
1143,West Odessa,92,US,1519794900,32,31.84,-102.48,69.8,12.75
1144,Orimattila,0,FI,1519795200,83,60.8,25.73,-5.81,6.93
1145,Barranca,80,PE,1519796522,96,-10.75,-77.76,65.85,7.63
1146,Mantua,75,IT,1519795200,73,45.16,10.79,24.8,5.82
1147,Barra Patuca,68,HN,1519796523,92,15.8,-84.28,77.15,10.98
1148,Pishva,75,IR,1519794000,81,35.31,51.73,51.8,13.87
1149,Vikhorevka,40,RU,1519794000,84,56.12,101.17,-2.21,4.47
1150,Tome,75,JP,1519794000,52,38.69,141.2,42.8,8.05
1151,Pimentel,44,BR,1519796524,97,-3.7,-45.5,72.47,2.82
1152,Santa Marta,12,CO,1519796525,100,11.24,-74.21,76.2,23.73
1153,Xining,24,CN,1519796525,12,36.62,101.77,50.01,3.15
1154,Roblin,12,CA,1519796526,80,51.23,-101.35,15.54,10.76
1155,Kamaishi,75,JP,1519794000,51,39.28,141.86,39.2,5.28
1156,Izumo,0,JP,1519794000,57,35.37,132.75,53.6,23.04
1157,Simbahan,32,PH,1519796527,100,6.3,120.58,82.37,3.38
1158,Solnechnyy,0,RU,1519796527,78,50.72,136.64,14.46,4.38
1159,Hoquiam,40,US,1519793580,81,46.98,-123.89,42.8,3.38
1160,Carlos Chagas,8,BR,1519796528,96,-17.7,-40.76,68.73,4.72
1161,Pastavy,64,BY,1519796528,67,55.11,26.84,-4.26,17.36
1162,Malibu,90,US,1519793760,62,33.61,-84.48,57.2,5.82
1163,Khani,75,GE,1519794000,76,41.96,42.96,48.2,9.17
1164,Port Hedland,0,AU,1519794000,59,-20.31,118.58,91.4,17.22
1165,Lixourion,40,GR,1519793400,81,38.2,20.43,46.4,9.17
1166,Izhma,88,RU,1519796530,85,65.01,53.91,14.6,6.06
1167,Hereford,48,GB,1519796531,69,52.06,-2.72,18.65,8.19
1168,Sambava,36,MG,1519796531,100,-14.27,50.17,82.41,10.09
1169,Belaya Gora,76,RU,1519796532,62,68.54,146.19,-13.35,6.96
1170,Maceio,40,BR,1519794000,94,-9.67,-35.74,73.4,3.36
1171,Valparaiso,75,US,1519794900,66,41.47,-87.06,53.6,6.93
1172,Ginda,48,IN,1519796533,71,30.69,78.49,56.0,2.04
1173,Balkhash,80,KZ,1519796533,95,46.84,74.98,33.36,13.78
1174,Nanpara,0,IN,1519796533,51,27.87,81.5,83.76,4.61
1175,Mandan,1,US,1519794900,100,46.83,-100.89,21.2,10.29
1176,Beya,64,RU,1519796534,69,53.05,90.92,7.53,2.15
1177,Poso,80,ID,1519796534,100,-1.4,120.75,78.63,5.17
1178,Aska,0,IN,1519796534,26,19.61,84.67,94.92,3.94
1179,Gari,36,RU,1519796535,69,59.43,62.35,-9.39,6.06
1180,Isiro,92,CD,1519796418,99,2.77,27.62,66.57,3.15
1181,Koygorodok,64,RU,1519796536,81,60.44,51.01,4.11,4.94
1182,Jiayuguan,48,CN,1519796536,81,39.77,98.29,34.08,3.94
1183,Stokmarknes,75,NO,1519795200,74,68.56,14.91,30.2,20.8
1184,Broome,80,GB,1519795740,100,52.47,1.45,24.8,11.41
1185,Wanaka,56,NZ,1519796537,63,-44.7,169.14,64.95,2.15
1186,Luwuk,24,ID,1519796538,100,-0.95,122.79,82.59,3.27
1187,Zhaotong,0,CN,1519796538,53,27.34,103.71,63.06,2.93
1188,Aasiaat,0,GL,1519796538,95,68.71,-52.87,12.35,21.5
1189,Khorixas,64,NA,1519796539,64,-20.37,14.96,57.66,2.59
1190,Tefe,68,BR,1519796539,97,-3.35,-64.71,74.63,2.71
1191,Wagar,56,US,1519796540,72,31.44,-87.99,64.55,6.51
1192,Ercis,75,TR,1519793400,100,39.03,43.36,37.4,3.36
1193,Morococha,64,PE,1519796541,100,-11.61,-76.13,34.67,4.05
1194,Magadan,0,RU,1519794000,43,59.56,150.8,12.2,4.47
1195,Hit,0,IQ,1519796542,100,33.64,42.83,52.35,7.74
1196,Bonavista,92,CA,1519796542,94,48.65,-53.11,30.3,16.91
1197,Marovoay,20,MG,1519794000,78,-16.11,46.64,82.4,4.7
1198,Peleduy,44,RU,1519796543,59,59.63,112.75,-2.73,3.38
1199,Hearst,68,CA,1519796543,90,49.69,-83.67,25.26,1.92
1200,Patan,75,NP,1519795200,60,27.67,85.33,68.0,3.36
1201,Idrinskoye,20,RU,1519796544,61,54.37,92.14,3.39,3.49
1202,Goure,48,NE,1519796544,26,13.98,10.27,71.97,9.64
1203,Calvinia,0,ZA,1519796544,68,-31.47,19.78,57.35,2.04
1204,Sao Benedito do Rio Preto,64,BR,1519796545,95,-3.33,-43.53,73.77,4.16
1205,Morogoro,80,TZ,1519796545,85,-6.82,37.67,77.37,3.83
1206,Kyabe,12,TD,1519796546,56,9.45,18.94,73.82,2.82
1207,Ca Mau,12,VN,1519796546,73,9.18,105.15,86.73,10.76
1208,Sawakin,44,SD,1519796546,89,19.1,37.33,74.27,6.17
1209,Sal Rei,75,CV,1519794000,77,16.18,-22.92,66.2,5.82
1210,Trelew,0,AR,1519796406,60,-43.25,-65.31,64.23,21.39
1211,Saint-Paul,0,FR,1519795800,52,45.22,1.9,19.4,6.93
1212,Sarangani,32,PH,1519796548,97,5.4,125.46,83.67,10.65
1213,Agadir,0,MA,1519794000,87,30.42,-9.58,50.0,5.84
1214,Sosnovka,92,RU,1519796548,68,53.23,41.37,-0.93,14.79
1215,Veseloyarsk,88,RU,1519796549,100,51.29,81.11,21.3,5.61
1216,Taksimo,48,RU,1519796549,43,56.36,114.84,2.18,2.71
1217,Mpraeso,24,GH,1519796549,100,6.6,-0.73,68.37,2.59
1218,Sao Jose da Coroa Grande,80,BR,1519796550,100,-8.9,-35.15,75.53,4.05
1219,Angren,0,UZ,1519796418,94,41.01,70.08,43.4,2.15
1220,Lere,8,TD,1519796550,66,9.66,14.23,74.22,2.93
1221,Winchester,0,GB,1519793400,92,51.06,-1.31,24.8,11.41
1222,Descalvado,36,BR,1519796551,96,-21.91,-47.62,67.47,1.92
1223,Wajir,0,KE,1519796551,71,1.75,40.07,81.02,7.96
1224,Turukhansk,64,RU,1519796552,66,65.8,87.96,-14.52,5.73
1225,Barra dos Coqueiros,40,BR,1519794000,83,-10.91,-37.04,80.6,9.17
1226,Aljezur,92,PT,1519796552,95,37.31,-8.8,60.0,26.53
1227,La Victoria,20,VE,1519794000,78,10.23,-67.33,75.2,2.26
1228,Salekhard,88,RU,1519796554,75,66.54,66.62,-11.1,13.67
1229,Puerto Baquerizo Moreno,100,EC,1519796554,100,-0.9,-89.6,79.98,7.18
1230,Dombarovskiy,48,RU,1519796554,94,50.76,59.54,17.97,6.06
1231,Mongoumba,64,CD,1519796555,91,3.64,18.59,73.5,3.94
1232,Nzerekore,80,GN,1519796555,99,7.76,-8.82,68.6,2.71
1233,Campbell River,75,CA,1519794000,88,50.02,-125.24,39.2,1.92
1234,Tamworth,0,AU,1519794000,33,-31.09,150.93,87.8,11.41
1235,Ngunguru,76,NZ,1519796556,93,-35.62,174.5,71.75,16.46
1236,Matara,92,PE,1519796557,97,-13.74,-72.9,45.51,1.36
1237,Obihiro,20,JP,1519794000,42,42.92,143.2,28.4,2.24
1238,Kovdor,24,RU,1519796557,75,67.56,30.47,8.03,6.73
1239,Shaoguan,76,CN,1519796557,75,24.81,113.59,72.83,2.15
1240,Lillooet,20,CA,1519794000,64,50.69,-121.94,39.2,13.87
1241,Huambo,12,AO,1519796558,92,-12.78,15.73,56.18,1.59
1242,Tadine,0,NC,1519796559,93,-21.55,167.88,83.31,3.15
1243,Imeni Poliny Osipenko,0,RU,1519796559,80,52.42,136.49,13.74,4.16
1244,Tolaga Bay,44,NZ,1519796559,70,-38.37,178.3,67.11,13.67
1245,Shamary,20,RU,1519796560,59,57.34,58.22,-2.33,10.54
1246,Rassvet,0,MD,1519795800,92,47.2,28.43,6.8,9.17
1247,Hobyo,8,SO,1519796561,74,5.35,48.53,80.57,13.22
1248,Harper,90,US,1519794900,88,30.3,-99.24,68.0,6.93
1249,Funchal,24,BR,1519796562,96,-19.3,-45.9,65.67,2.93
1250,Staryy Nadym,24,RU,1519796562,82,65.61,72.68,-18.48,9.98
1251,Svetlaya,0,RU,1519796562,100,46.54,138.33,24.95,6.17
1252,Formosa,80,AR,1519796563,97,-26.19,-58.17,71.07,4.16
1253,Umm Lajj,0,SA,1519796563,75,25.02,37.27,70.8,5.61
1254,Concordia,48,AR,1519796564,90,-31.4,-58.02,69.27,8.75
1255,Kamen-na-Obi,76,RU,1519796564,71,53.79,81.35,6.54,9.75
1256,Ust-Ilimsk,56,RU,1519796564,56,57.96,102.73,-1.29,3.71
1257,Armidale,0,AU,1519796564,55,-30.51,151.67,77.55,5.17
1258,Jaicos,64,BR,1519796565,92,-7.36,-41.14,70.8,2.71
1259,Kichera,32,RU,1519796565,56,55.93,110.1,1.14,2.71
1260,San Carlos de Bariloche,0,AR,1519794000,76,-41.13,-71.31,57.2,1.7
1261,Foix,90,FR,1519795800,42,42.97,1.61,26.6,12.75
1262,Chalette-sur-Loing,0,FR,1519795800,67,48.01,2.74,17.6,5.82
1263,Las Cruces,90,CL,1519794000,87,-33.5,-71.62,60.8,2.24
1264,Dhali,20,IN,1519795800,37,10.5,77.17,86.0,8.05
1265,Beisfjord,75,NO,1519793400,68,68.38,17.6,24.8,6.93
1266,Chino Valley,90,US,1519793700,93,34.76,-112.45,35.6,3.36
1267,Palana,56,RU,1519796570,72,59.08,159.95,17.16,3.27
1268,Cleethorpes,64,GB,1519795200,92,53.56,-0.03,28.4,14.99
1269,Sunbury,1,US,1519793760,69,40.86,-76.79,35.6,4.94
1270,Polson,80,US,1519796571,71,47.69,-114.16,21.35,2.82
1271,Tuburan,40,PH,1519794000,62,10.73,123.82,87.8,9.17
1272,Figeac,0,FR,1519795800,61,44.61,2.03,19.4,5.82
1273,Jaisalmer,8,IN,1519796572,59,26.91,70.91,82.77,4.61
1274,Macau,0,BR,1519796573,89,-5.11,-36.64,75.03,5.95
1275,Fallon,1,US,1519793760,72,46.84,-105.12,15.8,10.29
1276,Vytegra,36,RU,1519796573,76,61.01,36.45,-11.19,3.15
1277,Kannangad,0,IN,1519796574,59,12.31,75.11,91.86,2.15
1278,Bouna,48,CI,1519796574,93,9.27,-3.0,70.53,9.75
1279,Vice,32,PE,1519796574,81,-5.42,-80.77,73.73,12.66
1280,Jos,48,NG,1519796575,76,9.92,8.9,71.75,6.4
1281,Korem,0,ET,1519796575,46,12.51,39.52,67.52,2.82
1282,Acurenam,92,GA,1519796575,97,1.03,10.67,66.03,2.15
1283,Ternate,40,PH,1519794000,55,14.29,120.72,91.4,6.93
1284,Texarkana,90,US,1519793580,100,33.44,-94.04,64.4,12.75
1285,Sakyla,0,FI,1519795200,76,61.03,22.33,-5.81,3.36
1286,Zelenets,20,RU,1519796577,75,53.83,48.02,-6.96,8.63
1287,Riyadh,76,SA,1519794000,77,24.63,46.72,64.4,2.24
1288,Dongying,8,CN,1519796577,87,37.43,118.67,53.43,7.18
1289,Tsabong,0,BW,1519796578,67,-26.02,22.4,70.08,8.19
1290,Eruwa,56,NG,1519796578,95,7.53,3.42,71.57,3.83
1291,Pajapan,5,MX,1519792860,94,18.26,-94.69,75.2,9.17
1292,Porto Belo,0,BR,1519794000,88,-27.15,-48.54,71.6,4.7
1293,Carutapera,80,BR,1519796580,93,-1.2,-46.02,77.64,6.4
1294,Ballina,0,IE,1519796580,95,54.11,-9.15,27.15,14.67
1295,Naron,75,ES,1519795800,69,43.52,-8.15,35.6,5.82
1296,Kilindoni,80,TZ,1519796581,100,-7.91,39.67,83.18,4.72
1297,Waddan,0,LY,1519796582,48,29.16,16.14,58.43,10.98
1298,Acari,0,BR,1519796582,96,-6.44,-36.64,69.32,6.96
1299,Lajeado,44,BR,1519796582,93,-29.47,-51.96,62.48,0.92
1300,Mari-Turek,44,RU,1519796583,65,56.79,49.62,0.02,11.99
1301,Kompaniyivka,20,UA,1519796583,83,48.25,32.21,13.07,7.96
1302,Vinukonda,0,IN,1519796583,27,16.05,79.74,94.43,4.05
1303,Saint-Denis,0,FR,1519795800,67,48.94,2.36,17.6,9.17
1304,Businga,68,CD,1519796584,93,3.34,20.89,72.2,3.71
1305,Pontianak,75,ID,1519794000,66,-0.02,109.34,87.8,4.7
1306,Nizhniy Kuranakh,36,RU,1519796585,59,58.84,125.49,0.65,3.6
1307,Kinango,20,KE,1519794000,74,-4.13,39.32,80.6,8.05
1308,Tessalit,0,ML,1519796585,50,20.2,1.01,58.11,6.62
